書名,書籍網站,作者,出版社,ISBN,圖片網址
人民參審與司法改革,https://www.kingstone.com.tw//basic/2015890016169?zone=book&lid=book_class3_hfl&actid=book_class3_hfl,林裕順,新學林    ,9789862954515,https://cdn.kingstone.com.tw/book/images/product/20158/2015890016169/2015890016169b.jpg
日商來台投資法令簡介,https://www.kingstone.com.tw//basic/2015214187605?zone=book&lid=book_class3_hfl&actid=book_class3_hfl,建業法律事務所,新學林    ,9789868811898,https://cdn.kingstone.com.tw/book/images/product/20152/2015214187605/2015214187605b.jpg
公司治理法制及實務前瞻,https://www.kingstone.com.tw//basic/2015800085094?zone=book&lid=book_class3_hfl&actid=book_class3_hfl,陳春山,新學林    ,9789862951828,https://cdn.kingstone.com.tw/book/images/product/20158/2015800085094/2015800085094b.jpg
司改十年：回顧與展望,https://www.kingstone.com.tw//basic/2015890014035?zone=book&lid=book_class3_hfl&actid=book_class3_hfl,財法民間司改會主編,五南      ,9789571145051,https://cdn.kingstone.com.tw/book/images/product/20158/2015890014035/2015890014035b.jpg
民主與司法正義《陳茂雄論壇》,https://www.kingstone.com.tw//basic/2015730117230?zone=book&lid=book_class3_hfl&actid=book_class3_hfl,陳茂雄,前衛      ,9789578015647,https://cdn.kingstone.com.tw/book/images/product/20157/2015730117230/2015730117230b.jpg
大法官的偏見,https://www.kingstone.com.tw//basic/2015890006962?zone=book&lid=book_class3_hfl&actid=book_class3_hfl,五南      ,"

立即結帳
",9789571140704,https://cdn.kingstone.com.tw/book/images/product/20158/2015890006962/2015890006962b.jpg
司法及海巡改革文集,https://www.kingstone.com.tw//basic/2015890005460?zone=book&lid=book_class3_hfl&actid=book_class3_hfl,游乾賜,世一文化  ,9789574109135,https://cdn.kingstone.com.tw/book/images/product/20158/2015890005460/2015890005460b.jpg
明代中央司法審判制度,https://www.kingstone.com.tw//basic/2015800044404?zone=book&lid=book_class3_hfl&actid=book_class3_hfl,那思陸,正典      ,9789573023029,https://cdn.kingstone.com.tw/book/images/product/20158/2015800044404/2015800044404b.jpg
公證法與你,https://www.kingstone.com.tw//basic/2015840062406?zone=book&lid=book_class3_hfl&actid=book_class3_hfl,楊冀華,永然文化  ,9789574851058,https://cdn.kingstone.com.tw/book/images/product/20158/2015840062406/2015840062406b.jpg
大法官,https://www.kingstone.com.tw//basic/2015890003626?zone=book&lid=book_class3_hfl&actid=book_class3_hfl,陳俊榮,揚智文化  ,9789578180123,https://cdn.kingstone.com.tw/book/images/product/20158/2015890003626/2015890003626b.jpg
法院組織法(4版),https://www.kingstone.com.tw//basic/2015800093877?zone=book&lid=book_class3_hfl&actid=book_class3_hfl,姜世明,新學林    ,9789862953631,https://cdn.kingstone.com.tw/book/images/product/20158/2015800093877/2015800093877b.jpg
監獄學－犯罪矯正原理與實務,https://www.kingstone.com.tw//basic/2015480066680?zone=book&lid=book_class3_hfl&actid=book_class3_hfl,林茂榮,五南      ,9789571175799,https://cdn.kingstone.com.tw/book/images/product/20154/2015480066680/2015480066680b.jpg
司法正義與人權：從扁案談起,https://www.kingstone.com.tw//basic/2015890014165?zone=book&lid=book_class3_hfl&actid=book_class3_hfl,張炎憲,台教會    ,9789868119949,https://cdn.kingstone.com.tw/book/images/product/20158/2015890014165/2015890014165b.jpg
香港的復和司法：在少年司法制度中的應用,https://www.kingstone.com.tw//basic/2015470020012?zone=book&lid=book_class3_hfl&actid=book_class3_hfl,盧鐵榮,城市大學  ,9789629371739,https://cdn.kingstone.com.tw/book/images/product/20154/2015470020012/2015470020012b.jpg
大法官的智慧,https://www.kingstone.com.tw//basic/2015890006832?zone=book&lid=book_class3_hfl&actid=book_class3_hfl,鄧冰,五南      ,9789571140308,https://cdn.kingstone.com.tw/book/images/product/20158/2015890006832/2015890006832b.jpg
民主與不信任,https://www.kingstone.com.tw//basic/2015890006382?zone=book&lid=book_class3_hfl&actid=book_class3_hfl,約翰．哈特．伊利,商周出版  ,9789861243887,https://cdn.kingstone.com.tw/book/images/product/20158/2015890006382/2015890006382b.jpg
明鏡高懸南宋縣衙的獄訟,https://www.kingstone.com.tw//basic/2015890006412?zone=book&lid=book_class3_hfl&actid=book_class3_hfl,劉馨珺,五南      ,9789571139456,https://cdn.kingstone.com.tw/book/images/product/20158/2015890006412/2015890006412b.jpg
法院組織法論,https://www.kingstone.com.tw//basic/2015212418015?zone=book&lid=book_class3_hfl&actid=book_class3_hfl,一品      ,停售,9789572997826,https://cdn.kingstone.com.tw/book/images/product/20152/2015212418015/2015212418015b.jpg
論裁量處分與不確定法律概念,https://www.kingstone.com.tw//basic/2015890006122?zone=book&lid=book_class3_hfl&actid=book_class3_hfl,劉鑫楨,五南      ,9789571141589,https://cdn.kingstone.com.tw/book/images/product/20158/2015890006122/2015890006122b.jpg
鐵面急先鋒：中國司法獨立血淚史,https://www.kingstone.com.tw//basic/2015890006092?zone=book&lid=book_class3_hfl&actid=book_class3_hfl,盧建榮,麥田      ,9789867413000,https://cdn.kingstone.com.tw/book/images/product/20158/2015890006092/2015890006092b.jpg
了解大陸司法的第一本書,https://www.kingstone.com.tw//basic/2015890005910?zone=book&lid=book_class3_hfl&actid=book_class3_hfl,韋玉龍,商周出版  ,9789861241715,https://cdn.kingstone.com.tw/book/images/product/20158/2015890005910/2015890005910b.jpg
大陸司法迫害台商實錄,https://www.kingstone.com.tw//basic/2015890005330?zone=book&lid=book_class3_hfl&actid=book_class3_hfl,高為邦,今星      ,9789868042407,https://cdn.kingstone.com.tw/book/images/product/20158/2015890005330/2015890005330b.jpg
正義的陰影,https://www.kingstone.com.tw//basic/2015890004838?zone=book&lid=book_class3_hfl&actid=book_class3_hfl,民間司法改,商周出版  ,9789574699421,https://cdn.kingstone.com.tw/book/images/product/20158/2015890004838/2015890004838b.jpg
正義的神話,https://www.kingstone.com.tw//basic/2015890004708?zone=book&lid=book_class3_hfl&actid=book_class3_hfl,蓋瑞．史,商周出版  ,9789574698875,https://cdn.kingstone.com.tw/book/images/product/20158/2015890004708/2015890004708b.jpg
最高法院兄弟們,https://www.kingstone.com.tw//basic/2015890004678?zone=book&lid=book_class3_hfl&actid=book_class3_hfl,鮑柏．伍華,商周出版  ,9789576679933,https://cdn.kingstone.com.tw/book/images/product/20158/2015890004678/2015890004678b.jpg
司法精神醫學－刑事法學與精神醫學之整合,https://www.kingstone.com.tw//basic/2015480030667?zone=book&lid=book_class3_hfl&actid=book_class3_hfl,張麗卿,元照      ,9789577446060,https://cdn.kingstone.com.tw/book/images/product/20154/2015480030667/2015480030667b.jpg
司法極簡主義,https://www.kingstone.com.tw//basic/2015860021582?zone=book&lid=book_class3_hfl&actid=book_class3_hfl,凱斯．桑思,商周出版  ,9789576677557,https://cdn.kingstone.com.tw/book/images/product/20158/2015860021582/2015860021582b.jpg
改革司法,https://www.kingstone.com.tw//basic/2015890004418?zone=book&lid=book_class3_hfl&actid=book_class3_hfl,司法改革組,業強      ,9789576835902,https://cdn.kingstone.com.tw/book/images/product/20158/2015890004418/2015890004418b.jpg
雖然他們是無辜的,https://www.kingstone.com.tw//basic/2015890004128?zone=book&lid=book_class3_hfl&actid=book_class3_hfl,康珍妲．普,商周出版  ,9789576676550,https://cdn.kingstone.com.tw/book/images/product/20158/2015890004128/2015890004128b.jpg
司法的重塑,https://www.kingstone.com.tw//basic/2015890003886?zone=book&lid=book_class3_hfl&actid=book_class3_hfl,澄社．民間,桂冠圖書  ,9789577302052,https://cdn.kingstone.com.tw/book/images/product/20158/2015890003886/2015890003886b.jpg
權力與規範,https://www.kingstone.com.tw//basic/2015890003916?zone=book&lid=book_class3_hfl&actid=book_class3_hfl,澄社．民間,桂冠圖書  ,9789577302069,https://cdn.kingstone.com.tw/book/images/product/20158/2015890003916/2015890003916b.jpg
司法與人權,https://www.kingstone.com.tw//basic/2015890004098?zone=book&lid=book_class3_hfl&actid=book_class3_hfl,澄社．民間,桂冠圖書  ,9789577302076,https://cdn.kingstone.com.tw/book/images/product/20158/2015890004098/2015890004098b.jpg
台灣司法十大入罪法冤獄製造手冊,https://www.kingstone.com.tw//basic/2015860018759?zone=book&lid=book_class3_hfl&actid=book_class3_hfl,汪紹銘,平民法律  ,9789579755801,https://cdn.kingstone.com.tw/book/images/product/20158/2015860018759/2015860018759b.jpg
調查局的真面目,https://www.kingstone.com.tw//basic/2015890003206?zone=book&lid=book_class3_hfl&actid=book_class3_hfl,楊清海,另眼      ,9789579859066,https://cdn.kingstone.com.tw/book/images/product/20158/2015890003206/2015890003206b.jpg
台灣司法烏龍檔案,https://www.kingstone.com.tw//basic/2015890003176?zone=book&lid=book_class3_hfl&actid=book_class3_hfl,黃錦嵐,另眼      ,9789579859059,https://cdn.kingstone.com.tw/book/images/product/20158/2015890003176/2015890003176b.jpg
司法改革的再改革,https://www.kingstone.com.tw//basic/2025890003069?zone=book&lid=book_class3_hfl&actid=book_class3_hfl,蘇永欽,月旦      ,9789576962851,https://cdn.kingstone.com.tw/book/images/product/20258/2025890003069/2025890003069b.jpg
公共工程與採購法,https://www.kingstone.com.tw//basic/2015890002834?zone=book&lid=book_class3_hfl&actid=book_class3_hfl,尹章華,漢興書局  ,9789578821248,https://cdn.kingstone.com.tw/book/images/product/20158/2015890002834/2015890002834b.jpg
民間司法改革白皮書,https://www.kingstone.com.tw//basic/2015890002674?zone=book&lid=book_class3_hfl&actid=book_class3_hfl,李鴻禧等著,唐代文化  ,9789576834752,https://cdn.kingstone.com.tw/book/images/product/20158/2015890002674/2015890002674b.jpg
非法EQ PART 1橫財,https://www.kingstone.com.tw//basic/2015890002384?zone=book&lid=book_class3_hfl&actid=book_class3_hfl,日名子曉,利邑      ,9789579911351,https://cdn.kingstone.com.tw/book/images/product/20158/2015890002384/2015890002384b.jpg
存證信函之運用法律權益－不動產篇,https://www.kingstone.com.tw//basic/2015890002124?zone=book&lid=book_class3_hfl&actid=book_class3_hfl,李永然,永然文化  ,9789579611077,https://cdn.kingstone.com.tw/book/images/product/20158/2015890002124/2015890002124b.jpg
認識大陸司法環境,https://www.kingstone.com.tw//basic/2015890001882?zone=book&lid=book_class3_hfl&actid=book_class3_hfl,王樹鳴,永然文化  ,9789578999695,https://cdn.kingstone.com.tw/book/images/product/20158/2015890001882/2015890001882b.jpg
法院組織法,https://www.kingstone.com.tw//basic/2015210328415?zone=book&lid=book_class3_hfl&actid=book_class3_hfl,楊忠君,新保成    ,,https://cdn.kingstone.com.tw/book/images/product/20152/2015210328415/2015210328415b.jpg
法院座談會強執破產法整編（判解5),https://www.kingstone.com.tw//basic/2015211183303?zone=book&lid=book_class3_hfl&actid=book_class3_hfl,保成編輯委,新保成    ,,https://cdn.kingstone.com.tw/book/images/product/20152/2015211183303/2015211183303b.jpg
法院組織法表解,https://www.kingstone.com.tw//basic/2015210850275?zone=book&lid=book_class3_hfl&actid=book_class3_hfl,保成編輯委,新保成    ,,https://cdn.kingstone.com.tw/book/images/product/20152/2015210850275/2015210850275b.jpg
法院組織法論,https://www.kingstone.com.tw//basic/2015890001752?zone=book&lid=book_class3_hfl&actid=book_class3_hfl,呂丁旺,月旦      ,9789576961502,https://cdn.kingstone.com.tw/book/images/product/20158/2015890001752/2015890001752b.jpg
司法七巧板,https://www.kingstone.com.tw//basic/2015890001592?zone=book&lid=book_class3_hfl&actid=book_class3_hfl,黃越宏,月旦      ,9789576960703,https://cdn.kingstone.com.tw/book/images/product/20158/2015890001592/2015890001592b.jpg
公正的審判,https://www.kingstone.com.tw//basic/2015800023638?zone=book&lid=book_class3_hfl&actid=book_class3_hfl,橫川敏雄,商鼎      ,9789579704458,https://cdn.kingstone.com.tw/book/images/product/20158/2015800023638/2015800023638b.jpg
法院組織法,https://www.kingstone.com.tw//basic/2015210277577?zone=book&lid=book_class3_hfl&actid=book_class3_hfl,李如霞,士明      ,,https://cdn.kingstone.com.tw/book/images/product/20152/2015210277577/2015210277577b.jpg
法院組織法,https://www.kingstone.com.tw//basic/2015210738726?zone=book&lid=book_class3_hfl&actid=book_class3_hfl,必成      ,停售,,https://cdn.kingstone.com.tw/book/images/product/20152/2015210738726/2015210738726b.jpg
法院組織法,https://www.kingstone.com.tw//basic/2015210846230?zone=book&lid=book_class3_hfl&actid=book_class3_hfl,新保成    ,停售,,https://cdn.kingstone.com.tw/book/images/product/20152/2015210846230/2015210846230b.jpg
我看各國司法,https://www.kingstone.com.tw//basic/2015830000142?zone=book&lid=book_class3_hfl&actid=book_class3_hfl,張文伯,傳記文學  ,,https://cdn.kingstone.com.tw/book/images/product/20158/2015830000142/2015830000142b.jpg
我看各國司法,https://www.kingstone.com.tw//basic/2015830000272?zone=book&lid=book_class3_hfl&actid=book_class3_hfl,張文伯,傳記文學  ,,https://cdn.kingstone.com.tw/book/images/product/20158/2015830000272/2015830000272b.jpg
中華民國現行法院組織,https://www.kingstone.com.tw//basic/2015890000250?zone=book&lid=book_class3_hfl&actid=book_class3_hfl,鍾兆民,文化大學  ,,https://cdn.kingstone.com.tw/book/images/product/20158/2015890000250/2015890000250b.jpg
法政論叢,https://www.kingstone.com.tw//basic/2015890000410?zone=book&lid=book_class3_hfl&actid=book_class3_hfl,五南      ,停售,,https://cdn.kingstone.com.tw/book/images/product/20158/2015890000410/2015890000410b.jpg
最高法院刑事判決,https://www.kingstone.com.tw//basic/2015890000700?zone=book&lid=book_class3_hfl&actid=book_class3_hfl,五南      ,停售,,https://cdn.kingstone.com.tw/book/images/product/20158/2015890000700/2015890000700b.jpg
最高法院民刑庭總會決,https://www.kingstone.com.tw//basic/2015890000960?zone=book&lid=book_class3_hfl&actid=book_class3_hfl,楊偉宏,文笙書局  ,,https://cdn.kingstone.com.tw/book/images/product/20158/2015890000960/2015890000960b.jpg
中外觀護制度比較研究,https://www.kingstone.com.tw//basic/2015800006600?zone=book&lid=book_class3_hfl&actid=book_class3_hfl,丁道源,中央文物  ,,https://cdn.kingstone.com.tw/book/images/product/20158/2015800006600/2015800006600b.jpg
中外法院制度比較研究,https://www.kingstone.com.tw//basic/2015800006730?zone=book&lid=book_class3_hfl&actid=book_class3_hfl,林榮耀,中央文物  ,,https://cdn.kingstone.com.tw/book/images/product/20158/2015800006730/2015800006730b.jpg
中外觀護制度比較研究,https://www.kingstone.com.tw//basic/2025800006623?zone=book&lid=book_class3_hfl&actid=book_class3_hfl,丁道源,中央文物  ,,https://cdn.kingstone.com.tw/book/images/product/20258/2025800006623/2025800006623b.jpg
中外法院制度比較研究,https://www.kingstone.com.tw//basic/2025800006753?zone=book&lid=book_class3_hfl&actid=book_class3_hfl,林榮耀,中央文物  ,,https://cdn.kingstone.com.tw/book/images/product/20258/2025800006753/2025800006753b.jpg
中華民國現行法院組織,https://www.kingstone.com.tw//basic/2025890000273?zone=book&lid=book_class3_hfl&actid=book_class3_hfl,鍾兆民,文化大學  ,,https://cdn.kingstone.com.tw/book/images/product/20258/2025890000273/2025890000273b.jpg
大陸司法制度,https://www.kingstone.com.tw//basic/2015730025672?zone=book&lid=book_class3_hfl&actid=book_class3_hfl,海棠小組編,博遠出版有,,https://cdn.kingstone.com.tw/book/images/product/20157/2015730025672/2015730025672b.jpg
改革司法,https://www.kingstone.com.tw//basic/2015730018681?zone=book&lid=book_class3_hfl&actid=book_class3_hfl,蕭全政主編,國家政策研,9789579041065,https://cdn.kingstone.com.tw/book/images/product/20157/2015730018681/2015730018681b.jpg
當今刑事司法新課題,https://www.kingstone.com.tw//basic/2015890001172?zone=book&lid=book_class3_hfl&actid=book_class3_hfl,蔡墩銘,蔚理      ,,https://cdn.kingstone.com.tw/book/images/product/20158/2015890001172/2015890001172b.jpg
現行常用行政司法書狀,https://www.kingstone.com.tw//basic/2015880005432?zone=book&lid=book_class3_hfl&actid=book_class3_hfl,黃幹臣,大偉書局  ,9789579396233,https://cdn.kingstone.com.tw/book/images/product/20158/2015880005432/2015880005432b.jpg
司法院大法官會議解釋整編(1-366)(C27),https://www.kingstone.com.tw//basic/2015210967157?zone=book&lid=book_class3_hfl&actid=book_class3_hfl,保成編輯委,新保成    ,,https://cdn.kingstone.com.tw/book/images/product/20152/2015210967157/2015210967157b.jpg
法院組織法,https://www.kingstone.com.tw//basic/2015210916230?zone=book&lid=book_class3_hfl&actid=book_class3_hfl,卓佑昇,聞名      ,,https://cdn.kingstone.com.tw/book/images/product/20152/2015210916230/2015210916230b.jpg
法院組織,https://www.kingstone.com.tw//basic/2015210910788?zone=book&lid=book_class3_hfl&actid=book_class3_hfl,名錄      ,停售,,https://cdn.kingstone.com.tw/book/images/product/20152/2015210910788/2015210910788b.jpg
