ISBN,書籍簡介
9789868129184,"


本書特色


	本書是2018年8月起的一場國際法普及運動的初步成果。
	共13位國際法研究者撰寫的20餘篇文章，「普及國際法」為台灣國際法學會與中華民國國際法學會共同在網路媒體──風傳媒上經營的國際法專欄，以非專業讀者為對象，嘗試寫出國際法的法普文章，應該是國內國際法學界的創舉。這些文章是由兩會共同合作，推廣國際法的產物。感謝中華民國國際法學會陳長文教授與李念祖教授、陳純一教授以及其他參與投稿作者之大力促成與支持。

"
9789860615807,"


	「國際法」為國際社會之法，以國際社會為其法效力的範圍，一旦國際社會隨著歷史演進而產生變化時，國際法的內涵也常因此而有所變動。近年來的國際社會，連繫愈密，爭端愈多，因應國際社會變化的國際法，無論是理論或實務也迭有變化，因此「國際法」相關書籍的適時性就變得更重要了。

	為了便於教學者能夠將全部內容做最完整的教授，同時考量使用者考試複習的時間所需，著者將相關的理論、學說與實務內容，馭繁瑣於精要並力求內容的全面，第二版的本書更增添與修正許多內容，以求符合當前國際社會之實際。全書包括了現代國際法的最新理論，是全面理解國際社會新秩序的入門書。

	隨著全球化進展，有關國際法知識的需求亦相對增加，研讀本書絕動有助於釐清國家的國際地位、個人與國際法的關係，使台灣能真正成為國際社會的成員，對於當前台灣面對國際社會所需具備的法知識，本書實為必讀之書。

"
9789862624166,"


人權不是生而有之
	 
	二戰前，國家可以對國民做任何事情，包括歧視、折磨或殺害……

	 
	◎英國圖書年度非虛構好書獎（The British book awards non-fiction book of the year）
	◎吉福德非虛構寫作獎（Baillie Gifford Prize for Non-Fiction）
	◎《衛報》《泰晤士報》年度選書
	 

	我們都知道納粹的紐倫堡大審，
	卻不知道這場審判啟動了人權觀念的改變，更是現代國際司法系統的起始……
	 
	人民犯罪，國家有權執法，如果犯罪的是國家，該由誰來懲罰？
	 
	在國際法庭指控利比亞強人格達費的「危害人類罪」
	控訴諾貝爾和平獎得主翁山蘇姬犯下的「種族滅絕罪」
	兩種罪名的誕生其實都不到100年

	 
	 
	【一位人權律師追出的人權起源故事】
	本書作者沙茲是一位國際律師，曾經手盧安達大屠殺、南海仲裁案等國際案件。他在2010年受邀到烏克蘭利維夫演講，意外發現「危害人類罪」和「種族滅絕」等人權保護詞彙，最早的提出者都曾居住於此。一位是冷靜自制的法律教授勞特派特，另一位是性格強悍的檢察官萊姆金，他們上同一間大學、師從同一群老師、也都從20世紀初的亞美尼亞大屠殺得到啟示，卻分別以個人與群體的角度思索納粹罪行。
	 
	【沒有法律可以去約束一個國家，如今它終於成為被告】
	1945年紐倫堡大審，是納粹罪行的世紀大審判，也是歷史上首次對破壞世界和平罪提起訴訟，更開啟將國家領導人送入國際法庭受審的可能性。當時，英法等戰勝國以「文明不可對暴行置之不理」，以及「歷史不可重演」為前提，羅列納粹的四大罪狀。其中兩項引入當時無人聽聞的新詞彙：「危害人類罪」和「種族滅絕」。「危害人類罪」指基於政治、種族或宗教理由對任何平民的謀殺、滅絕、奴役等迫害。「種族滅絕」則是攻擊民族、宗教和族群群體的行為。它們分別從個人和群體的視角思索，但不約而同地，形塑出一個超越國家主權的國際法。
	 
	【不許政治人物躲在國家背後，逍遙法外】
	以往認為法律是為國家服務的。二戰之前，主權高於一切，國際法不得干涉他國內政，政府可任意處置自己的人民，領導人無需為自己發起戰爭或屠殺人民負責。直到紐倫堡大審前後，才將人放在法律中心，並將「危害人類」與「種族滅絕」納入世界人權宣言、國際法、《防止及懲治種族滅絕罪公約》等等。從此，法律成為約束當權者的武器，國際刑事法庭有了執法依據，可審判那些因為大權在握而任意將國家投入戰爭或濫殺人民的當權者。
	 
	【人權從來都不是憑空而來】
	其實勞特派特與萊姆金的努力，可說是直到1998年，才在國際刑事法院審判盧安達屠殺一案中真正落實。當沙茲開始著手調查兩人的故事時，美國與英國的總統和首相，正在對干涉敘利亞內政一事尋求法理上的支持，主權與人權的拉扯直到今日仍在繼續。因而，當我們面對羅興亞等人道危機，思索香港等「內政」與國際干涉問題時，都該意識到基本人權從來不是理所當然，憑空而來的，本書即是透過這些法律人的故事，帶領我們重回70年前人權意識被建立的重要時刻。

"
9789864965335,"

《中國特色話語：陳安論國際經濟法學（全四卷）》是中國有名經濟法學家陳安教授在中國實行改革開放基本國策近四十年來，潛心研究經濟法學這一新興邊緣學科的主要成果的第四次匯總、精選、融合、提煉，全書共約二百一十萬字，分列四卷七編，即經濟法基本理論（一），經濟法基本理論（二），投資法，貿易法，經濟法熱點問題短評，有關陳安學術論著和觀點的書評，涉及陳安的其他學術文檔等。《中國特色話語：陳安論國際經濟法學（全四卷）》各編專論均立足於中國國情，從當代社會弱勢群體即第三世界的視角，探討和論證當代經濟法學科領域 的基本理論以及熱點難點實踐問題。 《中國特色話語：陳安論國際經濟法學（全四卷）》作者致力於實行「拿來主義」和「消化主義」相結合，在積極學習和引進西方有關經濟法學新鮮知識的基礎上，站在中國和弱勢群體即發展中國家的共同立場，認真加以咀嚼消化，取其精華，棄其糟粕，逐步創立起以馬克思主義為指導的，具有中國特色的經濟法學科體系和理論體系，努力為社會弱勢群體「依法仗義執 言」，為維護其應有平等權益而鍛造和提供推薦的法學理論武器。
                    
"
9789864965342,"

《中國特色話語：陳安論國際經濟法學（全四卷）》是中國有名經濟法學家陳安教授在中國實行改革開放基本國策近四十年來，潛心研究經濟法學這一新興邊緣學科的主要成果的第四次匯總、精選、融合、提煉，全書共約二百一十萬字，分列四卷七編，即經濟法基本理論（一），經濟法基本理論（二），投資法，貿易法，經濟法熱點問題短評，有關陳安學術論著和觀點的書評，涉及陳安的其他學術文檔等。《中國特色話語：陳安論國際經濟法學（全四卷）》各編專論均立足於中國國情，從當代社會弱勢群體即第三世界的視角，探討和論證當代經濟法學科領域 的基本理論以及熱點難點實踐問題。《中國特色話語：陳安論國際經濟法學（全四卷）》作者致力於實行「拿來主義」和「消化主義」相結合，在積極學習和引進西方有關經濟法學新鮮知識的基礎上，站在中國和弱勢群體即發展中國家的共同立場，認真加以咀嚼消化，取其精華，棄其糟粕，逐步創立起以馬克思主義為指導的，具有中國特色的經濟法學科體系和理論體系，努力為社會弱勢群體「依法仗義執 言」，為維護其應有平等權益而鍛造和提供推薦的法學理論武器。
                    
"
9789864965359,"

《中國特色話語：陳安論國際經濟法學（全四卷）》是中國有名經濟法學家陳安教授在中國實行改革開放基本國策近四十年來，潛心研究經濟法學這一新興邊緣學科的主要成果的第四次匯總、精選、融合、提煉，全書共約二百一十萬字，分列四卷七編，即經濟法基本理論（一），經濟法基本理論（二），投資法，貿易法，經濟法熱點問題短評，有關陳安學術論著和觀點的書評，涉及陳安的其他學術文檔等。《中國特色話語：陳安論國際經濟法學（全四卷）》各編專論均立足於中國國情，從當代社會弱勢群體即第三世界的視角，探討和論證當代經濟法學科領域的基本理論以及熱點難點實踐問題。《中國特色話語：陳安論國際經濟法學（全四卷）》作者致力於實行「拿來主義」和「消化主義」相結合，在積極學習和引進西方有關經濟法學新鮮知識的基礎上，站在中國和弱勢群體即發展中國家的共同立場，認真加以咀嚼消化，取其精華，棄其糟粕，逐步創立起以馬克思主義為指導的，具有中國特色的經濟法學科體系和理論體系，努力為社會弱勢群體「依法仗義執言」，為維護其應有平等權益而鍛造和提供推薦的法學理論武器。
                    
"
9789864965366,"

《中國特色話語：陳安論國際經濟法學（全四卷）》是中國有名經濟法學家陳安教授在中國實行改革開放基本國策近四十年來，潛心研究經濟法學這一新興邊緣學科的主要成果的第四次匯總、精選、融合、提煉，全書共約二百一十萬字，分列四卷七編，即經濟法基本理論（一），經濟法基本理論（二），投資法，貿易法，經濟法熱點問題短評，有關陳安學術論著和觀點的書評，涉及陳安的其他學術文檔等。《中國特色話語：陳安論國際經濟法學（全四卷）》各編專論均立足於中國國情，從當代社會弱勢群體即第三世界的視角，探討和論證當代經濟法學科領域的基本理論以及熱點難點實踐問題。《中國特色話語：陳安論國際經濟法學（全四卷）》作者致力於實行「拿來主義」和「消化主義」相結合，在積極學習和引進西方有關經濟法學新鮮知識的基礎上，站在中國和弱勢群體即發展中國家的共同立場，認真加以咀嚼消化，取其精華，棄其糟粕，逐步創立起以馬克思主義為指導的，具有中國特色的經濟法學科體系和理論體系，努力為社會弱勢群體「依法仗義執言」，為維護其應有平等權益而鍛造和提供推薦的法學理論武器。
                    
"
9789864961511,"

《中國特色話語：陳安論國際經濟法學（全四卷）》是中國有名經濟法學家陳安教授在中國實行改革開放基本國策近四十年來，潛心研究經濟法學這一新興邊緣學科的主要成果的第四次匯總、精選、融合、提煉，全書共約二百一十萬字，分列四卷七編，即經濟法基本理論（一），經濟法基本理論（二），投資法，貿易法，經濟法熱點問題短評，有關陳安學術論著和觀點的書評，涉及陳安的其他學術文檔等。《中國特色話語：陳安論國際經濟法學（全四卷）》各編專論均立足於中國國情，從當代社會弱勢群體即第三世界的視角，探討和論證當代經濟法學科領域的基本理論以及熱點難點實踐問題。《中國特色話語：陳安論國際經濟法學（全四卷）》作者致力於實行「拿來主義」和「消化主義」相結合，在積極學習和引進西方有關經濟法學新鮮知識的基礎上，站在中國和弱勢群體即發展中國家的共同立場，認真加以咀嚼消化，取其精華，棄其糟粕，逐步創立起以馬克思主義為指導的，具有中國特色的經濟法學科體系和理論體系，努力為社會弱勢群體「依法仗義執言」，為維護其應有平等權益而鍛造和提供推薦的法學理論武器。
                    
"
9789864961757,"

《中國特色話語：陳安論國際經濟法學（全四卷）》是中國有名經濟法學家陳安教授在中國實行改革開放基本國策近四十年來，潛心研究經濟法學這一新興邊緣學科的主要成果的第四次匯總、精選、融合、提煉，全書共約二百一十萬字，分列四卷七編，即經濟法基本理論（一），經濟法基本理論（二），投資法，貿易法，經濟法熱點問題短評，有關陳安學術論著和觀點的書評，涉及陳安的其他學術文檔等。《中國特色話語：陳安論國際經濟法學（全四卷）》各編專論均立足於中國國情，從當代社會弱勢群體即第三世界的視角，探討和論證當代經濟法學科領域的基本理論以及熱點難點實踐問題。《中國特色話語：陳安論國際經濟法學（全四卷）》作者致力於實行「拿來主義」和「消化主義」相結合，在積極學習和引進西方有關經濟法學新鮮知識的基礎上，站在中國和弱勢群體即發展中國家的共同立場，認真加以咀嚼消化，取其精華，棄其糟粕，逐步創立起以馬克思主義為指導的，具有中國特色的經濟法學科體系和理論體系，努力為社會弱勢群體「依法仗義執言」，為維護其應有平等權益而鍛造和提供推薦的法學理論武器。
                    
"
9789864961450,"

《中國特色話語：陳安論國際經濟法學（全四卷）》是中國有名經濟法學家陳安教授在中國實行改革開放基本國策近四十年來，潛心研究經濟法學這一新興邊緣學科的主要成果的第四次匯總、精選、融合、提煉，全書共約二百一十萬字，分列四卷七編，即經濟法基本理論（一），經濟法基本理論（二），投資法，貿易法，經濟法熱點問題短評，有關陳安學術論著和觀點的書評，涉及陳安的其他學術文檔等。《中國特色話語：陳安論國際經濟法學（全四卷）》各編專論均立足於中國國情，從當代社會弱勢群體即第三世界的視角，探討和論證當代經濟法學科領域的基本理論以及熱點難點實踐問題。《中國特色話語：陳安論國際經濟法學（全四卷）》作者致力於實行「拿來主義」和「消化主義」相結合，在積極學習和引進西方有關經濟法學新鮮知識的基礎上，站在中國和弱勢群體即發展中國家的共同立場，認真加以咀嚼消化，取其精華，棄其糟粕，逐步創立起以馬克思主義為指導的，具有中國特色的經濟法學科體系和理論體系，努力為社會弱勢群體「依法仗義執言」，為維護其應有平等權益而鍛造和提供推薦的法學理論武器。
                    
"
9789864961498,"

《中國特色話語：陳安論國際經濟法學（全四卷）》是中國有名經濟法學家陳安教授在中國實行改革開放基本國策近四十年來，潛心研究經濟法學這一新興邊緣學科的主要成果的第四次匯總、精選、融合、提煉，全書共約二百一十萬字，分列四卷七編，即經濟法基本理論（一），經濟法基本理論（二），投資法，貿易法，經濟法熱點問題短評，有關陳安學術論著和觀點的書評，涉及陳安的其他學術文檔等。《中國特色話語：陳安論國際經濟法學（全四卷）》各編專論均立足於中國國情，從當代社會弱勢群體即第三世界的視角，探討和論證當代經濟法學科領域的基本理論以及熱點難點實踐問題。《中國特色話語：陳安論國際經濟法學（全四卷）》作者致力於實行「拿來主義」和「消化主義」相結合，在積極學習和引進西方有關經濟法學新鮮知識的基礎上，站在中國和弱勢群體即發展中國家的共同立場，認真加以咀嚼消化，取其精華，棄其糟粕，逐步創立起以馬克思主義為指導的，具有中國特色的經濟法學科體系和理論體系，努力為社會弱勢群體「依法仗義執言」，為維護其應有平等權益而鍛造和提供推薦的法學理論武器。
                    
"
9789862959664,"

本書闡述跨國侵權行為選法規則之適用，先介紹定性、分割選定等選法方法，並以案例實體事實為定性之客體，進而論述分割選定選法規則之可行性。次而剖析涉外民法第25條侵權行為選法規則，主張該條之本文為獨立性選法規則，但書為輔助性選法規則。再將跨國侵權行為選法規則分割為成立要件與損害賠償，分別在涉外民法第25條之結構中，建構出通用性侵權行為選法規則。又為了能準確適用侵權行為選法規則，本書詳細討論侵權行為地、共同慣居地、當事人合意等連繫因素之認定。跨國侵權行為之時效、損害賠償之項目及數額之核計、懲罰性損害賠償等無法忽略之問題，本書也都一一詳細討論。最後一章，研究了跨國侵權責任與跨國契約責任之競合問題。本書之內容有選法方法之討論，也有選法理論之介紹，更納入多件跨國侵權行為案件，並深入介紹各種爭議問題。希望從實際案例以及問題導向，介紹、討論、研析跨國侵權行為選法規則之適用。
                    
"
9789862959145,"

本書的目的，在於說明國際漁業法及國內漁業法的架構及基本規定。本書嘗試把打擊IUU捕魚所形成的國際法規定與傳統的國際漁業法規定相融合，進而組建出一套國際漁業法系統。在國內法方面，則嘗試從行政法總論的相關概念來闡明各項規定，並依此組建出國內漁業法的系統。本書指出目前國內漁業法制的不當之處以及可能的改善方向。此外，本書亦針對國際漁業條約在我國國內法領域中適用問題為說明。
                    
"
9789869349833,"

本書架構式地討論國家人權機構之歷史發展、類型模式、組織架構，並接續討論國家人權機構與歐洲人權法院、兒童權利機制、身心障礙權利機制、國家防範機制之互動。作者希望本書能夠完整討論國家因應國際人權條約要求而設立獨立人權機制之全球面貌，此為學術界尚未完整論述之領域，也期待能提出不同視野及角度之論述。
                    
"
9789869349826,"


	在這本非常出色的大作，陳隆志教授就法律與規範性的觀點，提供詳細與鏗鏘有力的分析，強調國際社會應接受台灣為一個正常化國家。以他對國際法與台灣地位廣泛淵博的學識著作為基礎，陳教授引導讀者瞭解台灣政治發展及其與美國、中國關係的錯綜複雜歷史。本書對法律、歷史及政治獨特的綜合分析。作者應用新港學派（New Haven School）政策導向及全球性國際法研究法，展現達觀的願景，建議具體解決時時充滿危機傾向、台灣在國際體系的地位問題。」──戴杰（Jacques Delisle），法學與政治學講座教授，賓州大學

	「陳教授就台灣的國際地位提供精闢極高水準的政治－法律分析，使讀者瞭解此問題所有的觀點、層面；同時，基於政治與法律的觀點理由，提出獨創深刻精闢的理論，強調台灣已經是一個國家。本書寶貴的特色是詳細分析探討台灣關係法的起源與意義，根據此法美國國會界定闡明美國對台灣政策持續恆久的原則。」──黎安友（Andrew J. Nathan），政治學講座教授，哥倫比亞大學

	「一本最精深博學與重要的大作，闡述台灣進化為一個自由與民主的國家，致力於確保二千三百萬台灣人的人權與政治自決自主。本書探討：台灣重要的過去、現在與可預見的將來以及與美國、中國的關係；促進亞太地區的和平、人類安全、經濟進步以及人性尊嚴的共同利益與機會。此適時的大作也提供令人佩服、深深感動的政治行動建議，包括透過公民投票讓台灣人民確認決定他們的國家地位。」──鮑斯特（Jordan J. Paust），法學講座教授，休斯頓大學法學中心

"
9789571195933,"


	「為什麼有些國家、團體和個人可以和平地解決衝突，而另一些國家、團體和個人卻不斷地被衝突困擾呢？感謝謝林和奧曼的研究，為這自古以來困擾我們的問題帶來啟迪。」──諾貝爾經濟學獎評委會主席約爾根‧韋布爾

	「我們回來看《衝突的策略》這本經典著作，可以體會到謝林教授很多深刻與精辟的見解，在出版四十六年後的今天，仍然很有啟發性。這本書第一部份討論談判、溝通與有限戰爭的思考架構，第二部份重新定位賽局理論，要求賽局理論『入世』，也是要求著重分析現實世界的一篇宣言，第三部份討論不確定的威脅與邊緣策略，最後一部份討論突襲和我們前面所舉下樓遇匪徒的例子。在體察謝林教授這麼多真知灼見之後，值得國內讀者深思的是: 在瞭解謝林教授提出的分析架構後，對充滿衝突與對決氣氛的台灣，可否帶來一些理性思考的空間？」──台灣大學國際企業學系巫和懋

	「《衝突的策略》有什麼特殊之處，使得經濟學界在近半個世紀之後賦予它最高的評價？要真正理解這本書在賽局論發展歷史上的獨創意義和重大影響，我們必須瞭解當時的一些理論背景。在謝林寫作此書的時候，賽局論尚處於早期的發展階段，納許於1950年提出了納許均衡的概念，並證明了納許均衡存在的條件。那時賽局論主要作為應用數學的一個分支，對經濟學主流的發展幾乎沒有什麼影響。當人們討論談判問題時主要從合作性、零和賽局的角度研究什麼樣的談判結果是公平和有效率的。謝林沒有受當時賽局論發展現狀的束縛，而是從非合作、非零和賽局的角度研究衝突和談判策略的一般理論基礎，該理論可以適用於大國間的核戰略、國外援助、黑社會幫派衝突，甚至大人對小孩的管教策略。更重要的是，謝林不只是滿足於一般性的理論探討，而是直接關注如何從這些理論框架出發深入研究現實生活中的策略互動和選擇，尤其是國際事務中的衝突與合作問題。」──北京大學光華管理學院周黎安

	「謝林教授的著作《衝突的策略》，理性地分析了政治學中一個重要的分支，即當今流行的國際威懾政治學。此書清晰易懂，頗富吸引力。在該領域，作者的分析超過了之前的所有相關學者。在眾多國際威懾政治學著作中，《衝突的策略》無疑是迄今為止最優秀、最具說服力和最精采的一部著作。」──《美國科學院年鑒》

"
9789869545280,"


台灣人，你有權自決嗎？
在庫德族與加泰隆尼亞自決後，關心台灣前途者不可不慮之國際法課題
釐清現狀．認識國際法．想想自決


以公民自決的形式決定台灣前途與現代國際法的原則是否相符？
兩岸關係是國際法還是國內法上的問題？
公民自決的結果能否得到國際社會的普遍承認？

 本書以國際法的角度，探討台灣自決這一牽動亞太地區的重大課題。本書的作者－德國法學專業的劉滌宏博士，在本書中首先帶領讀者回顧台灣自決的歷史，釐清台灣在國際法脈絡中的國際人格，剖析歐美、蘇聯、中國等不同學派對國際法的詮釋，並透過外蒙、東帝汶等實務上透過自決變更領土的國際案例，進一步探討台灣自決在國際上所面臨的外部制約與挑戰，是了解台灣國際法律地位的重要參考著作。

 【特別收錄】〈中國在西藏有主權嗎？〉〈老保釣的新觀點〉兩篇延伸思考

本書特色

 ◎以公民自決的形式決定台灣前途與現代國際法的原則是否相符？兩岸關係是國際法還是國內法上的問題？公民自決的結果能否得到國際社會的普遍承認？台灣人，你有權自決嗎？

 ◎在庫德族與加泰隆尼亞自決後，關心台灣前途者不可不慮之國際法課題！釐清現狀．認識國際法．想想自決

"
9789863264941,"


◆ 台灣國際法學會 ‧ 十周年論文集 ◆


	台灣的國際法律地位是已定或未定？
	台灣參與國際組織所面臨的問題是什麼？
	如何讓台灣成為正常化國家？

	陳隆志 李鴻禧 尤清 許慶雄 蔡育岱 林佳和 施正鋒
	廖福特 張文貞 陳耀祥 蕭仰歸 李文良 林廷輝 高銘志
	趙國材 李明峻 王思為 鄭文中 陳文禹 謝若蘭 陳慈幸 ── 專業剖析

▍二十一位國際法專家，層層剖析錯綜複雜的台灣國際關係！

	本書以國際法的角度來探討台灣地位的現狀，並提出以「台灣」為名參與國際組織的可行策略。此外亦對人民自決與補償性分離、台灣主權獨立路線的分與合、聯合國糧農組織與糧食安全、金融監理之國際互助、碳補集與封存科技、國際人權保障、國際海上勞動公約對台灣勞動法制之衝擊、日本實踐聯合國兩人權公約之分析、國際核損賠償制度、日本少年法修法趨向與處分等重要國際議題作深刻探討，是了解台灣國際法律地位與全球趨勢的重要專書。

本書特色

	台灣國際法學會十周年論文集，由陳隆志、許慶雄、李鴻禧、尤清、許慶雄等二十一位國際法權威學者，層層剖析錯綜複雜的台灣國際關係！

"
9789571190464,"


	進入新世紀後，臺灣國際私法學研究也開始邁入嶄新的階段。作為司法實務與學說理論結合的橋樑，案例評析乃成為國際私法學上一股新興的研究趨勢。本書之作成，即為此一新趨勢的見證。

	本書為作者進行臺灣國際私法案例評析系列的第二冊，彙整了作者近年來在國際私法學上研究的成果。全書分為「法律衝突論」與「管轄衝突論及其他」二大部分，針對國際裁判管轄權與外國人權利領域中之選購法院問題、涉外假扣押問題、外國人民事法律地位問題，以及法律衝突領域中之外籍配偶繼承權、涉陸婚姻事件、涉外網路誹謗及特徵性履行等相關司法實務案例進行整理，檢討與分析，並提出具體、明確的解決方案。

"
9789574854394,"


	馬漢寶大法官九秩華誕，其任職法學界、實務界的學生們發起出版祝壽文集恭賀嵩壽，內容包括國際私法、法律哲學與法學教育。作者皆為法界專家，任職於各大學與法律事務所。探討方向廣泛，包括由涉外婚姻事件定性方法評台灣台南地方法院92家訴字第八號民事判決、從反致之起源探討其概念、自然法思想對現代法學教育的意義、日本國際裁判管轄規則中之特別情事原則、法律診所作為鋪設法學教育最後一哩路之必要法學課程之一、法學方法上的類型思維於國際私法之運用──以契約、不當得利、侵權行為衝突法則為中心、台灣與中國大陸律師事務所的經營與發展、法學教育的目的與宗旨試論──兼論正義教育、台灣地區認可之大陸地區裁判之效力問題、論仲裁中建構專家證人制度之可行性、涉外假扣押事件之國際裁判管轄權──最高法院103年度台抗字第1020號裁定評析、台灣在WTO主要活動之實踐、涉外婚姻與移民法規之衝突、再論國際私法上之合意管轄／──以最高法院102年度台抗字第1061號裁定事實為中心、全球法的回顧與展望──兼論台灣廣義國際法教學之設計、解析中華民國外交部釣魚臺說帖的國際法主張、國際私法實務的新課題──新舊衝突規則的衝突、美國法院制度史──1850年至1900年的法官、法官審判先有心證始找理由？從涉外案件之審理談我國之審判、涉外離婚訴訟之假扣押──以最高法院103年度台抗字第1020號裁定、再論國際私法上侵權行為「地」之確定、法律哲學與國際私法交會的幾則故事

	 

	．作者均為在線法界專家，有教授、律師、法官。

	．深具研究價值

"
9789862956168,"


本書特色

	本書的目的在於說明國際法中有關海洋資源的規定。本書把國際海洋資源法分成二部分來敘述：礦業法及漁業法。礦業法涉及大陸架、專屬經濟區及區域礦業的法制，漁業法則涉及大陸架、專屬經濟區及公海漁業的法制。國際海洋資源法涵蓋面甚廣，本書無意為鉅細靡遺的論述，而僅呈現國際海洋資源法的框架與基本規定。

"
9789571188768,"


	臺灣四面環海，國家安全、社經福祉和世代發展，都必須依賴海洋；為因應世界各國開發海洋、管理海洋的潮流與趨勢，我國政府近年來積極探討分析所面臨的情勢與威脅、挑戰與問題，擬定管理執法的最佳策略，並全力投入海洋政策的推動與管理。

	為使我國海洋管理執法，能具備國際化宏觀視野與國情發展需求，並符合我國海洋政策發展的總體目標，本書蒐羅、研析國際海洋法律制定的背景與沿革、海域疆界規範與劃定、海域管轄運作執行方式，以及海域執法的機制等。本書最具價值的部分在於蒐集多則「挑戰與衝擊」案例，探討海域各類衝擊案件發生的原因、背景，以及應變的決策、處理的過程，並探討其影響與得失及法律之適用；這些案例包括台日、台菲經濟海域的重疊區，以及東海、南海的衝突與糾紛、中國大陸公務船舶在我國經濟海域活動、我國遠洋航行作業船舶危安事件等案例。期望可提供從事海洋領域工作之管理與執法等先進夥伴參考、運用。

"
9789571187266,"


	1.文字淺顯流暢，可讀性高。
	2.內容專業，由淺入深，循序漸進。
	3.可供相關領域人士在教學與實務上參考。
	4.對國際金融法的分析討論富含廣度與深度，且資料充實。
	5.增加金融與法律領域人士對金融和法律概念的相互瞭解。

"
9789869331609,"


	1928年，新月社主辦的《新月》雜誌創辦於上海，由徐志摩、胡適、梁實秋、羅隆基等人擔任編輯。是年秋天，國民黨北伐成功，完成中國的統一，依照孫中山《建國大綱》而邁入「訓政」的建國道路。此時應該往籌備自治、實行民選，為制定憲法和結束黨政的目標前進，然而實際上卻趨向一黨專制。為此新月派自1929年起，從人權角度對國民黨訓政進行了尖銳批判，這是一場帶有強烈憲政訴求的人權運動，揭開20世紀中國知識分子與執政黨衝突的歷史第一幕。當時這些批評的文章讓《新月》染上強烈的政論色彩，本書編選了《新月》雜誌上重要的人權及政治文章，是瞭解民國初年訓政時期，人權憲政與黨國專制之間激烈衝突的必讀專著。

本書特色

	1.編選胡適、梁實秋、羅隆基在《新月》雜誌發表的激烈評論，瞭解人權憲政與黨國專制之間衝突的必讀專著。

	2.特別編選右翼（胡漢民、陳九皋）對胡適的圍剿、左翼（魯迅、瞿秋白）對新月的批評。

	3.本書揭開20世紀中國知識分子與執政黨衝突的歷史第一幕。

"
9789571182919,"


	這本書以「國際私法實用」為名，是要讓國際私法脫離艱難術語的雲端，精煉成為可驗證研析的具體案例。作者萃取了最高法院在2015年以前作成的所有涉外民事裁判的菁華，設計並研析了60則案例，再附上相關實務案例中的精選理由，成為這本活的教科書（living textbook）。作者用言簡註少、淺顯易懂的體例，在法條為經、實務為緯的實用軸線上，對精雕細琢的案例及研析再予以剪裁改寫。作者刻劃出新、舊法條適用比較的路徑，沿途描繪著立法和實務演變的場景，讓讀者看清學術思想和實務見解交會的軌跡，以及未來實務及立法的趨勢。

	 

	本書對於學習國際私法和參與涉外司法實務工作，都將大有裨益。

"
9789868905344,"


本書特色

 國際司法互助學說上有廣義與狹義之分，廣義之司法互助一般乃是依據1990年聯合國一系列之國際刑事司法合作模範公約進行定性，範圍可涵蓋引渡、狹義之司法互助、判決以及執行之承認、跨國移交受刑人以及刑事訴訟移管等；而我國長期以來雖與各國以及中國大陸軍有密切之司法互助合作，惟乏一綜整我國內國法、與重要國家簽署之司法互助協定以及相關法院裁判之參考手冊，因此本書除試圖透過內國法規、重要協定協議、行政規則以及重要國際公約之彙整，呈現我國在司法互助實務上之實踐依據外；更重要的是透過各級法院民事、刑事案例之蒐集，一窺這些跨國、跨境司法互助案件經由各管道取證後，相關之證據是否為各級法院所採納，來呈現我國各級法院之相關見解。

"
9789574853359,"

人權與近代民主政治、立憲主義乃相因而生、相輔相成；隨著社會權、人權意識的普及，人權的種類及內涵更趨廣泛而多元化，人權之保障對於現今社會，極其重要。本書之論述以我國《憲法》基本人權為核心，觸角遍及原住民族人權、病患人權、科技人權、宗教人權、被告人權等，蒐集和引證資料相當新穎而豐富，足具建言與供各界參考之效。
                    
"
9789574853281,"

2009年3月31日立法院審議通過聯合國《公民與政治權利國際公約》及《經濟社會文化權利國際公約》全部條款，同時通過《兩公約施行法》，使得兩公約所揭示保障人權之規定，具有我國國內法之效力。自此，我國行政、司法機關於行政作為或偵查、審判上即可直接適用，人民亦可本於兩公約所揭示保障基本權的規定，據以抵抗國家不法權利之侵害，進而對不法侵害所造成的損害請求賠償。本書全面檢視我國通過兩公約後的執行概況，如：台灣刑事被告之人權保障、從法律觀點談我國對原住民族土地之保障、台灣勞工權益保障發展之探討、從人權觀點談校園輔導管教問題……等，值得關心我國人權發展的各界人士一探究竟。
                    
"
9789571163949,"

本書匯集三位作者共三篇論文：武漢大學法學院宋連斌教授「中國國際私法的實踐困境及出路」、東海大學法律學院林恩瑋教授「國際私法上『分割爭點』（issue-by-issue）方法之適用─以台灣最高法院兩則判決為中心」，及拙著「由歐盟經驗論中國式國際私法」，希望延續兩岸國際私法既有的合作基礎與模式，並為具有中華文化特色的國際私法開啟新里程。本書三篇論文共同關注國際私法上程序正義與實體正義之議題，可謂為新世紀兩岸國際私法之合作新頁。
                    
"
9789571163956,"

本書是繼「國際私法－國際程序法新視界」一書之後，作者以具有中華文化特色的國際私法為導向所出版的國際私法專論。程序正義與實體正義（或判決一致與個案正義）無法兩全，向為國際私法學界的迷思。從法院解決紛爭的角度而言，邏輯一致性的政策應受到國際私法實現正義之基本目的所規制，法院應將法律．判例規則視為工具、而非束縛，去提昇、而非防止它們功能的實現。智慧財產權法院97年度重附民字第1號民事判決，似乎將法律邏輯的演繹推展到極致，程序正義與實體正義的天秤不啻失衡！外國判決的承認與執行法制，藉由承認國司法程序的檢驗，尋求程序正義與實體正義的平衡。美國2005年集團訴訟公平法更是程序正義與實體正義角力、折衝的結晶。本書四篇論文分別針對上述議題，援引學理論據與實務案例為基礎，深入剖析其中原委與精髓，對涉外法律研究者與實務工作者而言，均有高度參考價值。
                    
"
9789571160979,"

國際私法之研究領域，包括國際程序法與法律衝突法。法律衝突法係指準據法選擇相關之議題，而國際程序法通常係指國際訴訟（尤其著重國際裁判管轄）、國際仲裁以及境外判決與仲裁判斷之承認與執行等相關議題。從立法現況與進展而言，兩岸成文國際私法均以法律衝突論為核心，然而學理上與實務運用上，國際程序法之重要性，向來不亞於法律衝突法。本書即以國際程序法之最新議題與發展為中心。最高法院97年度台上字第2376號判決認大陸地區之判決雖經台灣地區法院許可執行仍不具既判力，觸及境外判決承認與執行之核心問題，引起兩岸法界高度關切；國際商務仲裁的重要性與實用性與日俱增，仲裁協議與其效力之認定，直接影響仲裁之進行與勝敗；國際合意管轄與不便利法庭原則非僅牽涉國際訴訟之合法性與妥當性，實際上往往決定爭訟之最終結果。本書四篇論文分別針對上述議題，援引學理論據與實務案例為基礎，深入剖析其中原委與精髓，對涉外法律研究者與實務工作者而言，均有高度參考價值。
                    
"
9789571162300,"

　　國際間各項主張或訴求，其論理都是以國際法為基礎。在臺灣，或許因為國際地位的影響，使得國際法似乎一直不算是法律學科的顯學。然而，相較於許多已成文化、體系完整、架構嚴謹的法律學門，仍屬於原始法律型態而可見其進化的國際法領域，提供對法制發展及核心價值演變的學子們許多研究的課題。本書定位屬於國際法入門之教科書，架構清楚，深入淺出，並酌以圖、表、案例說明，適於學子了解之用。
                    
"
9789571161587,"

　　為了確實實踐人權需要建立保護及促進人權之國家基礎設施，最近幾年來許多國家建立了正式的人權機構，儘管這些機構在各國有很大之差別，但是他們有共同之宗旨，因此被統稱為保護及促進人權之國家機構。而所謂國家人權機構的概念更具體地涉及到其職責被專門確定為促進及保障人權的機構。大多數的國家人權機構是1980年以後設立的，這種趨勢是受到聯合國的積極鼓勵。　　第一次有關國家人權機構的國際研討會於1991年10月7至9日在巴黎舉行，並形成「巴黎原則」（Paris Principles）。「巴黎原則」之內容主要分為四個部分，即(1)權限與職責；(2)組成和獨立性與多元化的保障；(3)業務方法(4)具有準司法權的人權機構的地位。「巴黎原則」成為國際上衡量各國國家人權機構的最重要標準。　　聯合國認為國家人權機構至少可以扮演三種重要的角色，包括橋樑、促進者及保護者。而各國國家人權機構可以歸類為以下五種類型：一、諮詢委員會：法國模式、二、人權中心：北歐 / 德國模式、三、單一職權委員會：不意歸類、四、人權監察使：伊比利半島及東歐模式、五、獨立人權委員會：與監察使分離。
                    
"
9789570525823,"

從國際法了解我國與世界之動向　　在地球化時代，挾列強間之國家應多了解國際法。地球表面有70％的海洋，我們能忽視海洋法嗎？　　本書涵蓋國際法的原理、國際組織、海洋法、國際環境法、國際經濟法及國際爭端之解決等，蒐集國家考試命題，分章節論述，便於考生之參考。本書特色　　★本書將國際法之多元化與複雜化以圖表簡化說明，讓讀者輕鬆了解國際法！
                    
"
9789571154619,"

半個世紀以來，國際私法之發展產生了許多重大變化，與管轄及選法理論相關之各項國際公約與國內立法的制訂浪潮，可謂風起雲湧，令人目不暇給。做為這場大時代潮流的見證者，本書作者們參考、評述英美與歐陸有關管轄與選法理論之法制，剖析其間交錯關係，提供讀者不同視野與角度的觀察，並掌握國際私法之發展趨勢。
                    
"
9789571153742,"


	國際法是一部「活」的法律，隨著國際社會大環境的改變，以及國家或國際組織角色的變動，均會使得國際法「變動」或成長。本書即是考量到這些因素，才會覺得在二十一世紀的國際法應該有哪些內容及未來國際法成長的趨勢，有興趣之人事及青年學子「必須」具備的國際法「知識」，可以在本書中「發現」。

	 

	我國在退出聯合國之後，國家處境日益困難，亟思「國際化」或「走出去」，在這樣的情勢，更需要懂的國際社會的「遊戲規則」，這些規則就可以在本書中「找到」。

	 

	本書的寫作，更是不同於國內類似著作的作法（或寫法），可以輕易的找到你所尋找的問題之答案，有添加學習效果之功能。最後，本書涵蓋之內容，既含廣度，也有深度，是本不易多見的專書。

"
9789571104669,"


	人類生活的環境需要各國共同合作，非由單獨一個國家，個別處理全球性的問題。國際社會交往密切，國際關係除在符合國際法原則下，經由對話及談判方式和平解 決衝突，新興的學科如海洋法、經濟法、環境法、外太空法等，國際法更加展現其規範國際社會的重要性。

	 

	國際法是國家在相互交往中，公認的必須遵守的規則體 系。作者在吸取西方國家以個人為主體的基礎上，自創研究體系，強調以國家為主體。全書從國際法的概念、基本原則、主體、國家領土、海洋法、國際法上的居 民、外交和領事關係、條約、國際組織等，作有系統之詮釋，特別是對國際經濟的論述，詳盡中肯，為本書一大特色。行文簡潔，內容豐碩，值得讀者多加探究與瞭 解。

"
9789571144627,"

《人權教育的理論與實踐》是一本結合理論與實踐之書，對於初學者而言，本書提供相當簡明的人權教育理解梗概；其次，理論篇說明人權教育是其他相關議題與異同，其他議題包括法治教育、性別平等教育、環境教育、民主與公民教育、和平教育與生命教育，幫助讀者進一步了解人權理念與實踐與其他議題之重要關聯。本書第二部分為實踐篇，實踐篇是為人權教育工作者提供可實際運用於教學的參考，首先說明了人權教育可能遭遇的挑戰，並予以回應，有助於教師或家長釐清對實施人權教育的疑慮，同時，實踐篇也介紹人權教育的基本理念，例如適合的環境、人權教育素養內涵、設計人權教案原則、評量人權教學基本概念，最後，實踐篇提供九個獨立教案，可作為實務工作者直接運用於教學或自行編寫教案參考之用。
                    
"
9789574148585,"

作者曾任考試院科長，對於文官體系相關問題，有實務上的參與。本書則從美國經驗，同時探討國內相關的發展，是很精采的好書。本書分述美國聯邦文官政治活動規範的發展脈絡、實務規範、執行機制、司法審查、公務員工會及現役軍人的政治活動規範的議題，並兼論國內問題與法治發展，內容結合工法與公共人事行政、美國聯邦與本土、理論與實務，是經過理解、整合及實地訪查後的用心之作。

"
9789868018556,"

如果台灣已經是個國家，就不應有紛紛擾擾的問題；若台灣還不是國家，它必然是塊領土、擁有某種地位以及接受至少一個管理國的治理。領土地位與變遷的模式十分多樣，但無論模式如何，領土地位的變遷都是在管理國與領土間的國內法與國際法架構下進行，單從國內法或國際法的面向觀察，都難以一窺領土地位變遷的全貌。本書企圖在國際社會與歷史中找到足以借鏡的案例，提醒國人趕緊備妥必要的視野與能力，在未來可能的巨變中做好準備。

"
9789578015258,0
9789578014978,"

本書廣蒐2004年前締結生效或正式公佈的當代國際人權條約、宣言及相關文獻，按其性質歸納整編，計收(1)一般性的基本國際人權條約或宣言，共23個；(2)針對特定對象（如原住民、少數民族、婦女、兒童、身心障礙者、難民、外國人、勞動者等）的人權條約與宣言，共37個；(3)針對特定事項（如人身自由、禁止歧視、刑事正義、環境權、社會發展權、人道待遇等）的人權條約與宣言，共33個；(4)區域性（如歐洲、非洲、美洲、亞洲等）的人權條約與宣言，共28個。除詳錄各條約或宣言之條文（已有多種中文版本者，則選其最適用者；若尚無中文版本者，則由編輯小組成員翻譯），每條條文均加要旨提示，並針對重要條約宣言附加解說。是為法律學界、政府機關、民間組織，尤其人權運動組織及工作者最實用的案頭工具書。

"
9789578014879,"

本書為集結韓柳、三蘇及古典小說名篇賞析之作，共有十二篇：一、韓愈〈馬說〉賞析二、韓愈〈送董邵南序〉賞析三、韓愈〈柳子厚墓誌銘〉賞析四、柳宗元〈鈷鉧潭西小丘記〉賞析五、柳宗元〈至小丘西小石潭記〉賞析六、三蘇三篇同名作比較七、唐傳奇〈李娃傳〉賞析八、唐傳奇〈任氏〉探析九、箱沉、情斷、命絕的杜十娘十、細品《水滸傳．景陽岡武松打虎》　　──兼論與〈黑旋風沂嶺殺四虎〉之比較十一、《聊齋》牡丹花精名篇　　──〈香玉〉與〈葛巾〉之人物分析十二、蒲松齡〈地震〉賞析

"
9789570520156,"


	《中國國際法與國際事務年報》出版目的在於促使國際社會了解每年我國在國際法上之學術研究成果。內容有1.特載2.論文3.學術活動報告4.最近發展5.書評、書摘6.官方文件與資料7.國內出版的國際法及國際事務書籍與論文選錄8.索引

"
9789571139968,"

這是一本由熱心的學者們自發性的刊物。由於教育哲學並不是一個熱門的領域，目前要成為定期刊物還有所不足，因此，我們以「叢刊」的方式出現。叢刊每期有一主題論述及一般的教育哲學文章。此叢刊要求的是富有原則性的文章，希望能提供一個園地，並激勵學者們在此一領域多努力。主本期的主題是「人權教育與師資培育」
                    
"
9789570519525,"


壹、論文

 阿瑪斯號貨輪油污染事件與臺灣所提損害賠償請求案　　宋燕輝

  

貳、學術活動報告

 參加「第七十屆國際法學會（ＩＬＡ）二○○二年年會」　　王冠雄、陳純一

 參加「世界貿易法協會第一界中東區域會議」報告　　陳純一

 參加「國際法學會國際貨幣法委會第七十四次會議」　　余雪明

 「中國國際法學會二○○二年年會」實踐觀察報告

 報告一：二○○二年我國國際貿易法實踐觀察　　周旭華

"
9789570519211,"

本書在民國64年間出版，對於中國有關的領土問題，作一客觀的分析。領土的問題在十年間出現了許多資料，有些已解決(如香港問題)，在修訂版中均一一列出，對我國領土台灣、澎湖及其相關的琉球群島、釣魚台列嶼、中蘇(現俄羅斯聯邦)、香港、南海諸島等權利規定及主權主張有詳細說明，並附有多幅地圖可供參考。
                    
"
9789570518894,"

《中國國際法與國際事務年報》出版目的在於促使國際社會了解每年我國在國際法上之學術研究成果。　　內容有：　　1.論文　　2.學術活動報告　　3.最近發展　　4.書評與書摘　　5.官方文件與資料　　6.國內出版的國際法及國際事務書籍與論文選錄　　及索引等。

"
9789578014459,"

本年度人權報告以台灣原住民為專題並仍延續二００二年的形式，以聯合國一九四八年所通過的〈世界人權宣言〉全文三十條為主幹，再以二００三年度發生與人權相關的事件及議題為枝葉，逐一鑲嵌結合，使其成為一個綿密的台灣人權記事簿。藉由事件與條文的對照，讀者就可以清楚的瞭解到這個年度台灣符合或侵害人權的事件或程度究為何。 而其中較具意義或啟發性的事件或議題，亦有相關學者專家之撰文評論，針對本年度的人權謎團作一番核心的概念釐清。

"
9789570518085,"


	《中國國際法與國際事務年報》出版目的在於促使國際社會了解每年我國在國際法上之學術研究成果。內容有1.特載2.論文3.學術活動報告4.最近發展5.書評、書摘6.官方文件與資料7.國內出版的國際法及國際事務書籍與論文選錄8.索引

"
9789570518078,"


	《中國國際法與國際事務年報》出版目的在於促使國際社會了解每年我國在國際法上之學術研究成果。內容有1.特載2.論文3.學術活動報告4.最近發展5.書評、書摘6.官方文件與資料7.國內出版的國際法及國際事務書籍與論文選錄8.索引

"
9789578014060,0
9789867882417,"

為什麼外國勞動者，會拿起招牌示威呢？ 　　 
為什麼寫了一首詩，就要被判死刑呢？ 　　 
為什麼生為老二，就沒有學校可以讀呢？ 　　 
為什麼膚色和別人不同，就不能坐公車的前座呢？ 　　 
我們都是一樣的人。 　　 
可是社會上因為誤解或偏見等許多理由， 　　 
而受到無辜傷害的人還是很多。 　　 
我們該眼睜睜的看著不管嗎？ 　　 

"
9789574851362,"

台商赴大陸投資中外合資經營企業時，應了解其設立程序，根據大陸「中外合資經營企業法」和「中外合資經營企業法實施條例」的規定，設立中外合資經營企業的程序為：　　一、須由主辦企業選擇項目：編制「項目建議書」，並製作「項目的可行性研究報告」，上報對外經濟貿易部或省、市、自治區對外經貿廳（委、局）主管部門批准。　　二、「項目建議書」及「可行性研究報告」經主管部門批准後，中外雙方或多方代表應協商訂立合資經營的協議書。　　三、將投資者雙方或多方所簽訂的合營協定、合同和章程，按合資企業合同投資額的大小，分別上報對外經濟貿易部或各省、市、自治區工商行政管理局，辦理註冊登記手續。
                    
"
9789578013636,"

本年度，在經過人權報告編輯小組的討論後，決議於今年的人權報告中提出十一件重要事件及議題的簡評，這些事件及議題分別是：監所矯治的神話、死刑制度的現況與展望、台北市警察集體擄妓勒贖案、台北市掃黃運動與警察的賓館站岡、報導的自由與穩私等人權的侵犯、羅福助與檢肅流氓條例的時代意義、臨檢釋憲、同志人權的進展、社會秩序維護法中的罰娼條款得當否、RCA環保事件、兩個國際人權公約的批准等。
                    
"
9789570517569,"


	《中國國際法與國際事務年報》出版目的在於促使國際社會了解每年我國在國際法上之學術研究成果。內容有1.特載2.論文3.學術活動報告4.最近發展5.書評、書摘6.官方文件與資料7.國內出版的國際法及國際事務書籍與論文選錄8.索引

"
9789570517576,"


	《中國國際法與國際事務年報》出版目的在於促使國際社會了解每年我國在國際法上之學術研究成果。內容有1.特載2.論文3.學術活動報告4.最近發展5.書評、書摘6.官方文件與資料7.國內出版的國際法及國際事務書籍與論文選錄8.索引

"
9789570517330,"


	《中國國際法與國際事務年報》出版目的在於促使國際社會了解每年我國在國際法上之學術研究成果。內容有1.特載2.論文3.學術活動報告4.最近發展5.書評、書摘6.官方文件與資料7.國內出版的國際法及國際事務書籍與論文選錄8.索引

"
9789570517347,"


	《中國國際法與國際事務年報》出版目的在於促使國際社會了解每年我國在國際法上之學術研究成果。內容有1.特載2.論文3.學術活動報告4.最近發展5.書評、書摘6.官方文件與資料7.國內出版的國際法及國際事務書籍與論文選錄8.索引

"
9789573244318,"

本書蒐羅了相關的人權條例,堪稱目前國內最詳盡者全書分成三大篇: 依序為中華民國已簽署,批准的國際人權條約,中國大陸已簽署,批准或加入的國際人權條約,以及其他重要的國際人權條約,內容涉及難民,種族歧視,婦女, 兒童,奴隸販賣,生態保護,勞動等之保護範圍與適用性,以期保護響應國際人權.
                    
"
9789570517026,"

本年報是一份專門討論國際法、國際問題及我國涉外事務等問題之學術刊物。自76年刊行以來，年出一卷，編輯及撰稿人皆係國內外著名之國際法學及國際問題專家學者。內容大體上分為論文、特載、最近發展、書摘書評、參考資料、官方文件資料及國內出版有關國際法與國際事務之書籍與論文選錄。
                    
"
9789570517019,"

本年報是一份專門討論國際法、國際問題及我國涉外事務等問題之學術刊物。自76年刊行以來，年出一卷，編輯及撰稿人皆係國內外著名之國際法學及國際問題專家學者。內容大體上分為論文、特載、最近發展、書摘書評、參考資料、官方文件資料及國內出版有關國際法與國際事務之書籍與論文選錄。
                    
"
9789571116112,"

本書除了緒言及結論外，另以九章之篇幅針對國際法與國內法之關係，作一全盤性之研析。其中第九章從國際法院、我國、英國、美國及其他主要國家法院判決檢視國際法之適用加以分析。第十章研析國際法與國內法衝突關係之解決，作者提出暫時中止行使主權之理論以為因應。
                    
"
9789570512236,"

國際合約指南
　近來，日本企業在國際化道路上邁開大步前進了，從大型企業到中小企業，不論規模大小，以某種形式與海外建立關係，已成為理所當然的事。這些可以在近年人們對國際性契約的關注反映出來。現在，凡是委託法律專業人士或職業律師，已成為全體企業人員必須具備的常識，再全公司範圍進行知識普及的動向也日益明顯起來。

　然而，所謂國際契約，究竟是什麼玩意呢？即使人們亟望了解其中大致內容，但有關的合適教材竟是出乎意料的罕見。當然，由學者或律師撰筆寫成的，為數並不少，但太多著重於論法律的東西，對一般的企業人員來說，難以掠獵。考慮這些情況後，本書試圖在介紹契約的法律一面之外，再從經營方面及營業方面加以探討而寫成本書，希望對一般的讀者有一點助益。
關於作者
　由本泰正

　現任日本律師（第一東京律師會）；1960年東京大學法學系畢業；1936年，日本岡山縣出生。

　淵本康方

　現任日本佳友商務諮詢會社國際部部長；1961年，東京外國語大學英美語系畢業；1939年，日本長崎縣出生。

　稻葉英幸

　現任國際經營顧問；1967年東京大學經濟系畢業；1943年中國山西省太原市出生。
譯者簡介
　吳樹文

　現職日本東京講談社；曾任中國譯文出版社副刊。
                    
"
9789570501889,"


	本書係以通俗淺顯的詞句，敘述硬性艱澀的法則，使各章節易讀又易明白；先說明法則的內涵，再討論相關學說或理論，然後舉例示範法則的適用，以求理論與實際配合或印證；內容重新而不捨舊，能使讀者獲得的知識有根；案例引自我國和外國，可幫助讀者略知我們和國際法的關係；全書包含平時、戰時一般國際法則，最近聯合國海洋法公約所列的規範，均予敘述；由於平時法適用較多，論述平時法則亦多；是大學生、研究生、處理國際事務者、旅遊業者的良伴。

"
9789571109244,0
9789571108179,0
9789570506273,"


	本書是董霖博士從其英著「世界正在組合中之國際公法」節課增訂而成。原著極為西方法學界所推崇，美國許多大學採為教本。不宜初學。本書除盡量縮減繁瑣細節及註釋外，並增加截至一九九一年止的最新資料及參考書目，使之成為一及時而完整的簡明讀本。

	全書共有十五章，分析國際公法的演進與應用，著重國際聯盟及聯合國等國際組織的宗旨任務，如何發揮國際公法維持世界和平的功能。同時顧到國際聯盟及聯合國等國際組織的宗旨任務，如何發揮國際公法維持世界和平的功能。同時顧到國際政治的現實力量，進而推究三者的相互關係及彼此影響。凡國家、個人、主權、承認、繼承、領土、公海、太空、條約、外交使領、人權保障、民族自決、國際會商，以及解決糾紛，無不扼要討論。

	傳統的戰爭法及中立法，雖因時移勢易，亟應修訂，仍以兩章篇幅，略述授概。作者主張國際公法及國際組織應有機動性，當隨時適應環境，不可拘泥不變。本書特點詳見賴特引言及作者自序，確多與眾不同之處，不特可作大學教本，且對一般留心國際事務者極有參考價值。

"
,0
9789571102276,0
9789865860912,"

「國際法」為國際社會之法，以國際社會為其法效力的範圍，一旦國際社會隨著歷史演進而產生變化時，國際法的內涵也常因此而有所變動。近年來的國際社會，連繫愈密，爭端愈多，因應國際社會變化的國際法，無論是理論或實務也迭有變化，因此「國際法」相關書籍的適時性就變得更重要了。為了便於教學者能夠將全部內容做最完整的教授，同時考量使用者考試複習的時間所需，著者將相關的理論、學說與實務內容，馭繁瑣於精要並力求內容的全面，第二版的本書更增添與修正許多內容，以求符合當前國際社會之實際。全書包括了現代國際法的最新理論，是全面理解國際社會新秩序的入門書。隨著全球化進展，有關國際法知識的需求亦相對增加，研讀本書絕動有助於釐清國家的國際地位、個人與國際法的關係，使台灣能真正成為國際社會的成員，對於當前台灣面對國際社會所需具備的法知識，本書實為必讀之書。1. 這是最適合報考公務人員高普考廉政科類應試科目「公務員法」的考試用書，也是最適合公共行政系授課使用的教科書，更是最適合人事行政學習的最完整用書，全書八大章，包括基本概念、考選分發、任用陞遷、績效考評、服務倫理、行政中立、權益保障、懲戒，真正做到全面性涵括考銓制度所有內容的書籍，無論是現職公務人員或有志報考公務人員的學習者，透過本書一定能夠深入瞭解相關規定與考核規章。2. 過去的「公務員法」考試用書或教科書，多屬於拼湊而成的書籍，而撰寫者並非屬於這方面的專研者，以致相關書籍多屬囫圇吞棗而成，那類書籍多半著重條文解釋，或者流於強記、片斷，因此學習者很難有全面性的深入理解。3. 「公務員法」，雖然名為「法」，但是其法的構成精神，實則涵蓋了政治、公共行政、人事管理學理，因此，由法律學者所寫的「公務員法」通常只偏重法條，而坊間的考試用書則是將片斷概念拼接而成，對於學習公務員法實無太大助益。4. 著者為國內少數專研公務員法的學者，擔任過國立大學系主任，具備深厚的除學術背景，著者更曾任職考試院科長，對於公務體系的相關規定，有實務上的經驗，為國內真正對於公務員法制精神有第一手和最深入研究與接觸的學者。著者將其多年授課心得與實務經驗融寫成本書，是一本真正能夠幫助學習者，知其然，更知其所以然的考試用書及教學用書。
                    
"
9789574456765,"


	「合約法」是法律系統的基礎，在現代法治社會尤為重要。中國大陸、香港與台灣近年交往頻繁，雖然三地同屬華人地區，但採用不同之法律制度；本書檢視三地合約法詞彙翻譯及法理上之異同，在不同段落加插三地案例、文書例句等，理論實踐互相補足，期望為讀者提供基礎的法律知識。
	 
	本書按合約構成、內容及效力等範疇分立五篇，剖析多個重要詞彙在中港台三地的法律意義。每篇文章先講述詞彙之普通法概念，再探討中國與台灣法的定義和解釋。分析扼要清晰，涵蓋三地法例，及32個英國等地之普通法案例，相信可使讀者全面理解兩岸三地合約法之核心概念。

"
9789860410495,"


	全書共60萬言分為三冊，為英美法中文著作中寫得最有趣最深入的一本，摒除令人難於親近的艱澀原則，尤其注重實際運作與背後原理的廣度與深度。正文與附錄行文平易近人，側重與我國法作比較，迥異於傳統英美法書籍的艱澀拗口，可供研究教學之用，亦適合社會大眾閱讀。國立臺北大學大學出版社列為第一本問世。
	本書《美國法之源流與民刑法之運作》為第一冊敘述英美法系之淵源、特色與大陸法系之不同，並選侵權行為法、家事法、物權法、刑法、住宅法等，與日
	常生活關係密切之領域深入探討，尤重在實務之介紹，並加上教會法、名人遺囑、社區服務、認罪協商等有趣與難得看到之專題。另二、三冊主題為美國工商法律的理論與實際、美國法治的實務與運作，亦將單行問世，有興趣讀者不妨同時參照使用。

"
9789865860417,"

著者是資深法律學者，歷任臺北大學法學院院長，臺北大學、中興大學法研所所長，現任真理大學法律學系特聘講座教授。「國際私法」為其主要研究與授課領域，其學養與見解十分權威，為司法院相關修法的委員。著者也常受聘擔任國家考試典試委員，其專著的《國際私法與實例精解》，是法官、律師等國考，以及外交特考、外貿人員等考試的必讀經典。由於國際貿易興盛、民間往來非常頻繁，產生的糾紛與衝突更是迭起不窮，涉外案件變得更複雜與更多元。2001年起，我國在相關法律的修訂趨於頻繁，涉外民事法律適用法，經過數年的研修，更於2010年5月修正公佈。因為法條變動極大，著者於是將研究心得、授課經驗、實務參與，以清晰思路、簡易表達、系統邏輯，採取教科書的寫法完成全新的本書。本書分成理論與實務兩大部分。前者涵蓋國際私法的理論學說、最新條文的分析解說。後者則包含最常發生的涉外民事案件，諸如涉外貿易糾紛、離婚、收養、認領與繼承等國考最可能出現的內容。所以，這是一本最適合授課教材與特考準備的權威好書。坊間「國際私法」書籍太侷限法律背景讀者使用，本書則很注重外交背景、國際貿易以及相關實務的需求。國際私法的內容，已為現代國際化社會各個層面所需，著者期能達到淺顯、清楚和配合時勢等不同面向的需要。

"
9789865792022,"

本書集馬漢寶教授若干已發表之言論而成，主要內容與國際司法之基礎知識有關。國際私法此門法律現代國家可說均有，主要係因處理涉外私法案件，需藉此門法律就內外國法律選擇應適用之法律。在我國，此門法律之具體規則，自民國四十二年起即稱「涉外民事法律適用法」。著者在大學法律系及研究所講授國際私法數十年，並在司法官訓練所擔任析論法院涉外私法案例之課程多年。故深知正確認識此門法律之特殊性質及功用，進而妥當適用此門法律之規則，必須具備若干不可缺少之基礎知識。本書主要目的即在就有關國際私法特殊性質及功用之基礎知識，加以整理及闡述，期能對研習及適用此門法律有所助益。
                    
"
9789571169965,"

本書以摘要及表格方式，簡化繁雜的國際私法學術理論；以概說→衝突發生→準據法理論→我國法規定及評釋方式，逐條針對新修正的涉外民事法律適用法為解說，方便學生學習。
                    
"
9789573055488,"

台灣人權促進會成立於1984年12月10日國際人權日，當時台灣仍處於威權獨裁的階段，台權會身兼社會運動與政治反對運動，以爭取人民的政治權利與公民權利為首要之務，尤其著重政治犯的救援、解除黑名單、要求保障人身、言論、集會遊行和結社等自由。台權會除了持續爭取應有的政治權與公民權之外，人權工作的範疇亦隨著社會文化之多元化而日益複雜。
                    
"
9789862951743,"

本書特色國際法是國家間相互活動之行為規範，冷戰結束後，國際法在國際事務中扮演重要角色。本書是作者在大學講授國際法課程所用資料，提供當代國際法詳細資訊，是學習國際法理論與實務的簡易入門書籍。本書並提供進一步詳細研究參考文獻，對於有志於國際法學或涉外相關科系學生，亦深具研讀及參考價值。
                    
"
9789571162881,"

進入新世紀後，台灣國際私法學研究也開始邁入嶄新的階段。作為司法實務與學說理論結合的橋樑，案例評析乃成為國際私法學上一股新興的研究趨勢。本書之作成，即為此一新趨勢的見證。本書彙整了作者近年來在國際私法學上研究的成果，全書分為「管轄衝突論」與「法律衝突論」二大部分，不僅針對國際裁判管轄權領域中之直接的一般管轄問題、法典化問題、平行訴訟問題、間接管轄問題，以及法律衝突領域中之定性問題、締約過失問題及分割爭點方法問題等相關司法實務案例進行整理，並進一步將這些實務案例的推論加以細緻化，提出具體、明確的解決方案。
                    
"
9789571153735,"

國際法是一部「活」的法律，隨著國際社會大環境的改變，以及國家或國際組織角色的變動，均會使得國際法「變動」或成長。本書即是考量到這些因素，才會覺得在二十一世紀的國際法應該有哪些內容及未來國際法成長的趨勢，有興趣之人事及青年學子「必須」具備的國際法「知識」，可以在本書中「發現」。 我國在退出聯合國之後，國家處境日益困難，亟思「國際化」或「走出去」，在這樣的情勢，更需要懂的國際社會的「遊戲規則」，這些規則就可以在本書中「找到」。 　 本書的寫作，更是不同於國內類似著作的作法（或寫法），可以輕易的找到你所尋找的問題之答案，有添加學習效果之功能。最後，本書涵蓋之內容，既含廣度，也有深度，是本不易多見的專書。
                    
"
9789866480263,"

近代國際法是歐洲威斯特伐利亞體系的產物，它經過自然法的發展，逐漸向實在法趨勢轉變，帶有明顯的地域和時代特徵。十九世紀中期，伴隨西力東漸的大勢，近代國際法傳入東亞。日本明治新政府，完全忽略了國際法的上述性質和特徵，同時不顧原有地區國際規則的影響，超越認知演化規律，直接將其作為處理東亞，特別是對華關係的規則。臺灣事件外交過程中，日本片面利用近代國際法，揪住清政府不諳國際法、一味堅持理性鬥爭的弊端，借助國際法的某些自利條款欺侮中國。本稿從國際法繼受的角度，針鋒相對地批駁日本外交遵守國際法的說辭，揭露和批判日本利用近代文明的旗號，在臺灣事件外交中向中國施予法外之害的實質，尋覓中國近代外交官公法外交方面的點滴進步。
                    
"
9789868336728,"

歐體/歐盟在過去50多年來，簽訂了許多推動統合工作的條約，也歷經了五次的會員擴大。進入21世紀，歐盟的統合在政治、經濟、社會、文化方面，帶給歐洲許多衝擊與影響，包括政治上，與美國、中國、俄羅斯形成區域抗衡勢力，促進區域安全獲得保障，提升歐洲的國際社會影響力；經濟上，促使會員國共享資源、技術，透過內部市場四大自由流通，打破歐洲境內國與國之間的藩籬，讓歐盟的經濟更具有競爭力。
                    
"
9789867027245,"

本書由著名華裔律師撰稿，他在談笑之間把美國人權國權，真槍實彈寫就成美國資治通鑒本書錄用不少控告美國的實例，讓讀者類比得之，認清美國的法治，美國的自由。分析了它看起來完美的法治，也點明了它的虛偽和無恥，如同揭露美國人如何抱著疼著愛著的狗，卻把自己的父母拋在養老院或古舊的房子裡，幾個月不看望一次。美國的那一套如同是別人的老婆好是好，但也不和自己的老婆離婚去追求她 

"
9789861248356,"

我們權利的來源為何？　　在《你的權利從哪裡來？》中，法學巨擘德蕭維奇提出全新而令人信服的答案，以解決法哲學與道德哲學中持續已久的難題：我們的權利來自何處？所謂的「自然法」是否真的存在於憲法與法律條文之外？如果是，我們如何知道自然法說了什麼？為什麼權利會隨時空不同而變？另一方面，如果權利不過是人類法律的產物，為什麼我們允許權利凌駕於人民意志之上？少數人的「權利」竟可勝過多數人的偏好，其論證的基礎何在？　　在本書中，德蕭維奇主張權利並非來自上帝、自然、邏輯，或是光只來自法律。權利產生自人類對不義的經驗。正義是個捉摸不定的概念，難以定義，而且各種詮釋彼此衝突；不義則正好相反，它是立即的、直覺的、具有廣泛共識的，並且是具體的。《你的權利從哪裡來？》是第一個不以完全正義理論為起點的權利理論，它從反面入手：由下而上、從試誤中以及從集體的不義經驗出發。人類的權利源自人類的惡行。

"
9789868018549,"

如果台灣已經是個國家，就不應有紛紛擾擾的問題；若台灣還不是國家，它必然是塊領土、擁有某種地位以及接受至少一個管理國的治理。領土地位與變遷的模式十分多樣，但無論模式如何，領土地位的變遷都是在管理國與領土間的國內法與國際法架構下進行，單從國內法或國際法的面向觀察，都難以一窺領土地位變遷的全貌。本書企圖在國際社會與歷史中找到足以借鏡的案例，提醒國人趕緊備妥必要的視野與能力，在未來可能的巨變中做好準備。

"
9789868263000,"

本書，《現代國際公法精義》是本協助考試用書，同時也是本國際法的工具書。全書集結了兩位作者以往參與考試與教學之心得，針對非相關系所之同學，期能在最經濟的時間裡，建立起屬於自己的一套公法體系，並於內容相關部分適時提供輔助性的支援管道，讓同學能透過自修方式，擴充公法的週邊知識，使其漸習慣運用較具專業與邏輯式的思考方法，看待發生在國際關係中一項客觀的法律事實，進而能對之分析解構，完備考生的應考實力。 國際公法最大的侷限在於沒有集中或一致性的法律規範可供援引，覆蓋面極廣，知識點分散，法規範體系又變動頻繁，故而準備起來十分吃力；然則，國際公法儘管無可取巧之方式與速成之道，卻確有省時之法與便捷之途，本書之付梓，冀望給予研讀者得以一窺國際法堂奧的鎖鑰和體系宏觀之視野，以裨益有心瞭解與準備國際法考試的學生。此為兩位作者撰寫此書之初衷與殷殷期盼。 本書章節安排共分為十四章，範圍從傳統國際法延伸至現代國際法，除集中闡釋解說傳統國際法之元素，如海洋法、條約法、國家的權利與義務等部分外，亦側重國際法變動中的新興議題，如國際人權法、國際環境法，以及國際經貿法等。內容言簡意賅，以國內目前知名公法學者及教授之法律見解為基石，並輔以答題範例供考生參考。 

"
9789867830937,0
,0
9789574831791,0
9789571339429,"

基本人權是我們每個人都耳熟能詳的價值觀。但是，可能很少人能夠清楚辨識它的理論邊界。因此，它不是被過度濫用在很多事例上，就是受到其他價值觀的侵犯而未能適度伸張。 本書並不止於理論的闡述，精彩的是，作者彙集了司法院近年來在人權方面的諸多釋憲案，並且針對其中的觀念瑕疵與盲點，提出許多建設性的評論。這些釋例包括平等權、自由權、參政權、財產權與工作權等的分析，甚至對於法律程序的正當性也有論述，讓我們更進一步從實例中獲得「活學活用」的樂趣。
                    
"
9789570416459,"

國際法是成長中的法律，在全球化的時代中，國際法的地位是越來越重要，國內不少政府機關的考試皆將國際法（國際公法）列為考試科目，本書乃整理國內外學者的相關著作，編輯為「問與答」（Ｑ＆Ａ）的形式，提供應考者的參考。
                    
"
9789570915426,"

亞洲四小龍在世界的經濟活動中扮演駐日益重要的角色。 尤其是日本，台灣與南韓－－所有這些國家的國內文化都深深地受到儒學的影響。此書探討個體與家庭及國家的關係﹔中國法律與儒家禮儀之中所理解的權利問題﹔有關「社群主義」的人觀念問題的學與社﹔中國憲章主義與公民社會，何婦女的地位和婦女的教育，以及它們牽涉到的這些權利的貫徹。 
儒學注重人之尊重，個人責任以及互助具體型態，他們能夠彌補現代法律至上的主義者的人權觀念，並有助於我們處理那些單憑法律也無法解決的社會問題。學習儒家的經驗－－整個東亞的儒家而不只是中國的儒家－－不必意味著放棄個人的權利而趨從於社群或國家，而是對人與人之間的相互依賴與尊重，以及追求社會和諧的深刻體會。

"
9789571125862,"

國際法是國際法人在其相互交往中，公認的必須遵守的規則體系。全書從國際法的基本概念、發展簡史、國際交往、國家管轄、外交權、條約法、國家承認與國際責任等，作有系統之詮釋。行文簡潔，內容豐碩。特別是對於戰爭法、中立法部分之闡述，詳盡中肯，多所啟發。希望由本書之引介，激發讀者之興趣，瞭解中華民國充分參加國際組織之正當訴求。透過國際法的規範，以和平方式解決爭端，來保障全球的安全。
                    
"
9789570332889,0
9789579741194,0
9789571132297,"

海岸地區的管理，其範疇包含了國際的、區域的、國家的和地方的層次；其內容則包括了生態、環境、政策、法制、工程、技術、文化、規劃和管理等面向。因此，提供一個前瞻、廣泛與綜合的視野，使讀者具備完整認知，奠定後續努力的方向，為本書最重要之原則。
                    
"
9789576963971,"

基本人權輕鬆版活潑生動的筆調，詼諧逗趣的漫畫，透過本書您將發現，憲法其實是很生活化的，人權的實現也並不只是遙遠的口號。讓本書告訴您，憲法中有關基本人權的規定，和生活是多麼息息相關，並幫助您如何避免基本人權受到侵害，並且知道「受害」時，如何保護自己。想一想，面對下列問題時，該怎麼回答？‧因為失戀，就不想活了，可以嗎？‧為什麼不能偷看別人的情書，或上網看別人的電子郵件信箱？‧是不是只要政府有權力，就能隨便徵收人民的財產？‧可以任意上街頭表達意見嗎？那些地方禁止集會遊行？‧因為不想當兵，就放棄自己的國籍，可以嗎？‧只是從別人家借過一下，會侵犯他人的權利嗎？‧受人欺負想打官司告他，但卻沒有錢，怎麼辦？
                    
"
9789570332674,0
9789571122236,"

國際法學原理
　取自本書緒論－

　國際法範圍，是無止境的：舉凡涉及國際社會的活動，不論是靜態的、抑或是動態的，規範其分子成員的作為或不作為，期待分子成員的正當行為或是監督其分子成員的正當活動.....

　長久以來，古今中外的國際法學者、專家透過學說的提起、理論的建立，再加國際法院及各國國內法院的判例，大約是可以形成「習慣國際法」.....
                    
"
9789578929364,0
9789571117195,"

本書架構完整，共分為六個部分，凡二十章。第一部分：國際法概論，介紹國際法的本質、起源與基礎，其實質根源，其主體，及其與國內法之關係。
第二部分：國家為國際法之主體，先概述國家，再闡述「承認」及「國家領土主權」的原理。
第三部分：國家的權利與責任，討論管轄權、海洋法與快速航道、國家責任、權利與義務之繼承、國家與個人、國家與經濟利益、發展與環境等諸問題。
第四部分：國際交流，述說外交公使、領事等國際事務機構，及條約之法律與實務。第五部分：衝突與敵對關係，探討國際衝突、戰爭、武裝衝突、中立、準中立與非交戰狀態等概念。第六部分：國際組織。 

"
9789575316365,0
9789620701986,"

本辭典全面收錄國際常用工商業、金融、保險，以及商法、經貿訴訟等專業用語，並包刮中國涉外經貿法律方面的詞目，逐一詳加解釋，極具參考價值。詞目英漢對照，並附漢英詞匯對照索引，方便讀者查閱。適合以下讀者： 財經金融、工商界人士 法律界、翻譯專業人士 工商管理、法律及翻譯學系學生
                    
"
9789576962684,0
9789571116082,"

本書收錄作者近年來在此一領域中，所發表的一系列論文，並依其討論之主題所涉及之主要條文之順序，分為十三章。為符合我國當前之需要，除第十一章及第十二章針對最高法院之二則涉外判決，分別予以評釋外，其他十一章就特定之法律關係，綜合析論其國際私法問題時，亦廣泛蒐集前此之案例及實務見解，在文中予以評釋與檢討。
此外，作者對外國近來所通過之國際私法相關條文、亦予以歸納分類，並就文獻出處，採用嚴謹的學術標準，予以註釋。　本書各章雖然各自獨立，但其內容涵括國際私法之重要問題，彼此間亦相輔相成，故除可訓練解決個別涉外問題之法律思維外，亦可藉以建立國際私法之整體概念。相信其對提昇學生學習興趣，加強涉外實務工作能力，鼓勵從事進一步研究，均有一定之助益。 

"
9789578012004,0
9789579611190,0
9789577084392,"

紐倫堡大審
　「我們要譴責和懲罰的罪行是經過如此精心的策劃，是如此的惡毒，是具有如此的毀滅性，以致文明對之不能放任不管，因為如果這些罪行在今後重現，文明將不復存在……」美國首席檢查官羅伯特．傑克遜在紐倫堡大審的公開演說中，明示了審判的目的。

　而當戰爭罪犯──在伊拉克、柬埔寨、波斯尼亞──仍舊從事其罪行；當新納粹黨仍繼續活動，遍及許多國家；當「修正論者」正從事否定大屠殺確實存在之際；對於紐倫堡審判中文件紀要的重要性與瞭解更加不容輕忽。

　波斯科的《紐倫堡大審》不但是對個人的挑戰──我們多數人未從事浮士德的交易；是我們如此美好？或只是未曾去做而已？──同時也是不容忘懷且引人注目的歷史事件。
                    
"
9789578965188,0
9789576962134,"

鑑於社會法治國建制的前提，有賴租稅體系的正當、充分且效率，以及個人自我決定、自我發展之充分發揮，作者以國家理論為對象，除了存在面與學說探討外，特別重視規範面及我國憲法上意義。
本書收集了「國家與社會二元論及其憲法意義」等五篇論文，環繞在法治國、社會國與租稅國之憲法基本價值定位，致力使社會福利、租稅正義、個人自由調和至當，整合於憲法體系之下。書中有歷史的觀照、哲理的分析、社會的探討，而歸於憲法的依據，可供大學通識課程之輔助教材，及關心社會國家未來發展者之參考。 

"
9789578999626,0
9789578999527,0
9789578999510,0
9789578871069,0
9789576961151,0
9789576960802,0
9789578999206,0
9789570506990,0
,0
,0
,0
,0
,0
,0
9789570501704,0
,0
,0
,0
,0
,0
,0
,0
,0
,0
,0
9789570504460,0
,0
,0
,0
,0
,0
9789570503524,0
,0
,0
,0
,0
,0
9789570906349,0
