書名,書籍網站,作者,出版社,ISBN,圖片網址,書籍簡介
轉型正義之路：島嶼的過去與未來,https://www.kingstone.com.tw//basic/2017330246334?zone=book&lid=book_class3_iqz&actid=book_class3_iqz,周婉窈,國家人權  ,9789865437152,https://cdn.kingstone.com.tw/book/images/product/20173/2017330246334/2017330246334b.jpg,"

向青少年朋友介紹，何謂轉型正義、戰後台灣白色恐怖受難者概況、白色恐怖相關重要法令、從自由民主化到落實轉型正義等。本書是第一本以臺灣本土視角、並以青少年為讀者撰寫的轉型正義專書。從戰後白色恐怖受難者概況、戒嚴下的日常，到落實轉型正義等方向，透過多方角度帶領讀者一起回顧臺灣島嶼過去的白色恐怖歷史，希望本書能作為開啟年輕朋友們對話與理解的素材，並展望未來共同走向轉型正義之路。
                    
"
五百字說華語中英文版本（正簡對照版）,https://www.kingstone.com.tw//basic/2018020566176?zone=book&lid=book_class3_iqz&actid=book_class3_iqz,劉紀華主編,僑委會    ,9789860585032,https://cdn.kingstone.com.tw/book/images/product/20180/2018020566176/2018020566176b.jpg,"

本書編撰是為了使各行各業不同年齡層的人士，透過自然對話的方式，學習日常生活所需之應對，以奠定華語文的基礎，並為日後學習進階華文作準備。本書共分30課，每課均包括課、文字與詞、溫習、應用等4單元。「課文」完全取材自日常生活，以實用生活為導向，從自我介紹、家庭、學校、溝通，到簡單的應對進退皆已涵蓋，在「字與詞」單元中並有詳細的解說，學生不僅能藉此瞭解文字的順序，亦能學到由單字所衍生而來的詞語。
                    
"
我國勞工從事輪班、夜間及長時間及其他異常工作者罹患腦心血管疾病之先導研究,https://www.kingstone.com.tw//basic/2014120096186?zone=book&lid=book_class3_iqz&actid=book_class3_iqz,李貞嫺，朱柏青,勞動職安衛,9789865466121,https://cdn.kingstone.com.tw/book/images/product/20141/2014120096186/2014120096186b.jpg,"

我國勞工從事輪班、夜間及長時間及其他異常工作者罹患腦心血管疾病之先導研究
                    
"
百貨零售業職場肌肉骨骼健康管理推廣研究,https://www.kingstone.com.tw//basic/2014120096216?zone=book&lid=book_class3_iqz&actid=book_class3_iqz,謝曼麗，王子娟,勞動職安衛,9789865466114,https://cdn.kingstone.com.tw/book/images/product/20141/2014120096216/2014120096216b.jpg,"

百貨零售業職場肌肉骨骼健康管理推廣研究
                    
"
樹脂製造業化學桶槽之人工投料危害暴露評估及介入控制研究,https://www.kingstone.com.tw//basic/2014120096346?zone=book&lid=book_class3_iqz&actid=book_class3_iqz,吳俊德，戴聿彤，陳婕，彭君傑,勞動職安衛,9789865466084,https://cdn.kingstone.com.tw/book/images/product/20141/2014120096346/2014120096346b.jpg,"

樹脂製造業化學桶槽之人工投料危害暴露評估及介入控制研究
                    
"
紡織業勞工危害暴露評估,https://www.kingstone.com.tw//basic/2014120096476?zone=book&lid=book_class3_iqz&actid=book_class3_iqz,李貞嫺，陳鑫昌,勞動職安衛,9789865466138,https://cdn.kingstone.com.tw/book/images/product/20141/2014120096476/2014120096476b.jpg,"

紡織業勞工危害暴露評估
                    
"
作業環境原料與空氣中二氧化矽濃度相關性暴露研究,https://www.kingstone.com.tw//basic/2014120096506?zone=book&lid=book_class3_iqz&actid=book_class3_iqz,錢葉忠，王政朝，楊崇貴，蘇育揚,勞動職安衛,9789865466091,https://cdn.kingstone.com.tw/book/images/product/20141/2014120096506/2014120096506b.jpg,"

作業環境原料與空氣中二氧化矽濃度相關性暴露研究
                    
"
職業病流行病學大數據資料庫整合機制與研究方法論之建構,https://www.kingstone.com.tw//basic/2014120096636?zone=book&lid=book_class3_iqz&actid=book_class3_iqz,洪敬宜，邱弘毅,勞動職安衛,9789865466190,https://cdn.kingstone.com.tw/book/images/product/20141/2014120096636/2014120096636b.jpg,"

職業病流行病學大數據資料庫整合機制與研究方法論之建構
                    
"
作業環境勞工暴露溴丙烷採樣分析參考方法開發,https://www.kingstone.com.tw//basic/2014120096766?zone=book&lid=book_class3_iqz&actid=book_class3_iqz,陳正堯，林瑜雯,勞動職安衛,9789865466343,https://cdn.kingstone.com.tw/book/images/product/20141/2014120096766/2014120096766b.jpg,"

1-溴丙烷可透過吸入或皮膚接觸發生職業暴露而對人體造成危害，我國勞動部於民國106年12月26日公告勞工作業環境空氣中之1-溴丙烷容許暴露標準為0.5 ppm。為了掌握作業勞工職場暴露危害，需進行量測作業環境空氣中之濃度，評估暴露勞工之健康風險。
                    
"
應用生物力學試驗調查勞工下背累積負荷之情形,https://www.kingstone.com.tw//basic/2014120096896?zone=book&lid=book_class3_iqz&actid=book_class3_iqz,王順志，莊侑哲,勞動職安衛,9789865466374,https://cdn.kingstone.com.tw/book/images/product/20141/2014120096896/2014120096896b.jpg,"

本研究透過文獻資料整理，擬訂問卷並透過現場訪視與下背部肌肉骨骼不適問卷調查結果設計實驗，並使用模擬工作姿勢軟體或生物力學分析軟體，模擬物流配送員常見工作情境等工作特性，評估物流業配送員腰椎(L5/S1)受力情況，與現有的「職業性腰椎椎間盤突出認定參考指引」進行比較提出健康管理措施與參考建議。
                    
"
人因工程管理系統與檢核研究,https://www.kingstone.com.tw//basic/2014120096926?zone=book&lid=book_class3_iqz&actid=book_class3_iqz,杜珮君，李永輝,勞動職安衛,9789865466466,https://cdn.kingstone.com.tw/book/images/product/20141/2014120096926/2014120096926b.jpg,"

人因工程管理系統與檢核研究
                    
"
歐盟與各國洽簽自由貿易協定永續發展專章執行情形之研究,https://www.kingstone.com.tw//basic/2015580081958?zone=book&lid=book_class3_iqz&actid=book_class3_iqz,焦興鎧，黃鼎佑，黎博文,勞動職安衛,9789865466039,https://cdn.kingstone.com.tw/book/images/product/20155/2015580081958/2015580081958b.jpg,"

為掌握歐盟與各國簽署FTA過程，永續發展專章勞動議題發展情形，包括「勞動條款」及「企業社會責任」之內容、具體執行方式、監督機制及實際執行情形等，評估簽署後對我國可能產生之衝擊，進而提出我國在推動參與上應注意之政策因素、努力方向及因應之道，爰規劃本研究。本研究蒐集、分析歐盟與重要國家（包括日本、韓國、越南、新加坡、美國與加拿大）洽簽FTA相關資料，並結合焦點座談與專家訪談結果，提出政策建議方向。本研究建議包括：1.勞動法制之持續改革與強化。2.強化我國勞工對自由貿易協定與勞動議題之理解與關注。3.強化民間諮詢團體之制度性參與。4.加強國際勞動事務之合作。5.規劃爭端解決機制之建構。
                    
"
住宿及餐飲業之原住民族勞工從業人員減災,https://www.kingstone.com.tw//basic/2015550056443?zone=book&lid=book_class3_iqz&actid=book_class3_iqz,洪敬宜，陳秋蓉，蔡瀚輝,勞動職安衛,9789865466183,https://cdn.kingstone.com.tw/book/images/product/20155/2015550056443/2015550056443b.jpg,"

住宿及餐飲業之原住民族勞工從業人員減災
                    
"
工作場所全身及局部振動風險管理之研究,https://www.kingstone.com.tw//basic/2015550056573?zone=book&lid=book_class3_iqz&actid=book_class3_iqz,李昆哲、陳協慶,勞動職安衛,9789865466398,https://cdn.kingstone.com.tw/book/images/product/20155/2015550056573/2015550056573b.jpg,"

本研究蒐集整理美國，澳大利亞，加拿大，日本，英國，德國，法國，芬蘭，波蘭等幾個國家，當前全身及局部振動暴露的政府規範，以及與其相關的ISO標準或歐盟指令。結果顯示我國目前相關的法令(職業安全與衛生設施執行規則第301條和第302條)可追溯至1990年之前的國際標準，與現行歐美等國的規範已有明顯差異，建議有必要進行修訂以符合現今的國際標準。本研究蒐集國內相關文獻之全身與局部振動測量數據，並彙整各規範之使用情形，經分析及探討後，建議可參考歐盟Directive 2002/44/EC振動暴露相關條文，提出我國現行職業安全衛生設施規則相關規範之初步修正建議。
                    
"
農業從業者安全衛生狀況認知調查,https://www.kingstone.com.tw//basic/2015550056603?zone=book&lid=book_class3_iqz&actid=book_class3_iqz,何雨芳，洪粕宸，任希詩，陳紀君,勞動職安衛,9789865466480,https://cdn.kingstone.com.tw/book/images/product/20155/2015550056603/2015550056603b.jpg,"

農業從業者安全衛生狀況認知調查
                    
"
防音防護具遮蔽效應對固定式警告聲辨識程度影響之探討,https://www.kingstone.com.tw//basic/2015550056733?zone=book&lid=book_class3_iqz&actid=book_class3_iqz,李昆哲，余仁方,勞動職安衛,9789865466503,https://cdn.kingstone.com.tw/book/images/product/20155/2015550056733/2015550056733b.jpg,"

本研究主要探討佩戴不同型式之防音防護具後對於警告聲識別程度之影響，針對三種頻段之警告聲(440 Hz~554 Hz、970 Hz、2400 Hz)，透過客觀及主觀量測，評估佩戴防音防護具(耳塞、耳罩、主動式降噪耳(機)罩)後對警告聲識別程度之差異性。
                    
"
模板支撐之支柱固定方式安全性研究,https://www.kingstone.com.tw//basic/2015550056863?zone=book&lid=book_class3_iqz&actid=book_class3_iqz,張智奇、黃奕孝,勞動職安衛,9789865466053,https://cdn.kingstone.com.tw/book/images/product/20155/2015550056863/2015550056863b.jpg,"

本研究針對建築工程複合型式支撐設計及施作進行探討，主要研究內容包括模板支撐災害要因分析、國內外模板支撐相關法規規範及設計探討、探討複合式支撐穩定性分析、各種模板支撐型式及固定方式對強度及穩定性分析、複合式模板支撐安衛設施規劃配置及模板支撐技術職能課程開發。各項試驗結果與設計指引，可提供給設計單位、監造單位在設計規劃階段參考，並做為支撐型式選擇與結構計算的依據；提出相關安全設施規劃與職能規劃，可提供模板支撐施作業者、專任工程人員、技師、建築師等相關人員參考。在落實源頭管理及加強施工控制的情形下，可有效掌握並降低施工風險，使營造產業對於模板支撐的安全性能夠更加重視並確實執行。
                    
"
鋼管施工架政策成效評估與精進措施之研究,https://www.kingstone.com.tw//basic/2015550056993?zone=book&lid=book_class3_iqz&actid=book_class3_iqz,張智奇、張篤軍,勞動職安衛,9789865466305,https://cdn.kingstone.com.tw/book/images/product/20155/2015550056993/2015550056993b.jpg,"

本研究目的在於評估現行鋼管施工架政策成效，並提出適當可行精進措施，主要的研究內容包括國家標準的適當性，及標準未涵蓋構件的可行管理模式。由文獻比對發現立架壓縮試驗之治具刀口端承座與日本現行的試驗方式不同，其強度差異高達2.7倍。本研究提出第三方稽核及驗證機制、舊品管理機制、優良廠商評選機制、新型式與新材質產品認證制度、施工架作業現場安全輔導、施工架構件檢驗制度、源頭管理與按圖施工查核機制、安全工法認證制度、施工架作業人員職能訓練、內側交叉拉桿配套措施及簡易型施工架適用範圍等，可提供主管機關於擬訂鋼管施工架相關政策時參考。
                    
"
我國團體協約發展之困境及因應對策,https://www.kingstone.com.tw//basic/2015560056181?zone=book&lid=book_class3_iqz&actid=book_class3_iqz,陳威霖，康長健，邱羽凡,勞動職安衛,9789865466145,https://cdn.kingstone.com.tw/book/images/product/20155/2015560056181/2015560056181b.jpg,"

我國團體協約發展之困境及因應對策
                    
"
各國工時豁免制度之研究,https://www.kingstone.com.tw//basic/2015560056211?zone=book&lid=book_class3_iqz&actid=book_class3_iqz,簡慧茹，彭素玲，陳筆，徐廣正,勞動職安衛,9789865466107,https://cdn.kingstone.com.tw/book/images/product/20155/2015560056211/2015560056211b.jpg,"

本研究透過國內外文獻與資料之研析與彙整，蒐集、分析與比較包含國際勞工組織(ILO)、歐盟及美國、日本、韓國、新加坡、澳洲、荷蘭、德國7個國家或組織有關國際工時基準除外適用之相關資料。檢視自90年代起國內陸續公布修正之勞動基準法第84條之1的適用工作者(排除一般工時的特殊工作者)之施行與適用情形。並透過15人次之勞、資、政深度訪談與召開2場次專家焦點座談會，歸納彙整國內工時豁免實務運作與建議，提出可供我國參考之工時規範除外適用相關建議。
                    
"
定期勞動契約對勞動力彈性化運用之研究,https://www.kingstone.com.tw//basic/2015560056341?zone=book&lid=book_class3_iqz&actid=book_class3_iqz,簡慧茹，謝棋楠，吳慎宜，鄭潤道,勞動職安衛,9789865466206,https://cdn.kingstone.com.tw/book/images/product/20155/2015560056341/2015560056341b.jpg,"

本研究探討美、英、澳、德、日、韓、中、國勞組織以及歐盟有關定期勞動契約規範的立法之社經發展背景、立法沿革發展、立法政策、司法與行政機關對勞動契約定期約定的認定審查等。並透過勞、雇及學者專家深度訪談與焦點座談，提出我國定期勞動契約彈性化政策之相關方向、措施與政策建議。
                    
"
我國勞動意識推動架構與影響因素之初探,https://www.kingstone.com.tw//basic/2015560056471?zone=book&lid=book_class3_iqz&actid=book_class3_iqz,林淑慧，馬財專，李玉春，黎博文,勞動職安衛,9789865466152,https://cdn.kingstone.com.tw/book/images/product/20155/2015560056471/2015560056471b.jpg,"

界定勞動意識內涵並建立推動架構，評估我國勞動意識現況及不足之處、探討發展自主勞動關係的重要切入點，並應用於勞動教育實施，強化勞動意識。
                    
"
我國職工福利實施概況分析,https://www.kingstone.com.tw//basic/2015560056501?zone=book&lid=book_class3_iqz&actid=book_class3_iqz,陳光輝，崔曉倩，藍科正,勞動職安衛,9789865466169,https://cdn.kingstone.com.tw/book/images/product/20155/2015560056501/2015560056501b.jpg,"

我國職工福利實施概況分析
                    
"
袁健生先生訪問紀錄（精裝）,https://www.kingstone.com.tw//basic/2027830173351?zone=book&lid=book_class3_iqz&actid=book_class3_iqz,張力、周素鳳(訪問),中央研究院,9789860755725,https://cdn.kingstone.com.tw/book/images/product/20278/2027830173351/2027830173351b.jpg,"

袁健生 (1942- )，祖籍貴州鰼水，生於四川成都，1949年隨父母自上海來臺。1958年臺北建國中學畢業，1959年入海軍軍官學校五十二年班，畢業後曾在峨嵋、美宏、德安等艦服務。1967年赴美國海軍軍官學校深造，1969年返國後與吳垣玲女士結婚，並在海軍基隆造船廠服務，不久調漢陽軍艦擔任兵器長。1974年奉派為駐美大使館海軍中校副武官兼代理武官。1978年以上校軍職外調外交部，派在駐美大使館服務；隨即投入國會組工作，前後達十二年。1991年奉調返國接任北美司長，1993年外交部發布為斷交後首位駐加拿大代表，1996年出任駐巴拿馬大使。1998年出任駐洛杉磯辦事處處長，2003年申請退休。2004獲邀出任國親駐美代表。2008年國民黨重返執政，奉派為駐美大使。2012年返國接任國安會秘書長，2014年轉總統府資政，另兼任富邦文教基金會董事長。2018年赴美定居。先生成長於良好的外語環境，個性誠實正直，興趣廣泛，善於溝通，在中華民國外交陷於困頓之際，得以一展長才，致力於非常外交、彈性外交。其駐美前後達三十年，建立從總統以降之人脈無數。先生於本書中縷述各階段職務期間面對之挑戰，同時也對各國政要有所觀察與評斷。
                    
"
廉潔寶寶聯盟：看到怪怪的請舉手 （ 勇敢吹哨 ） 幼兒廉潔教育教材,https://www.kingstone.com.tw//basic/2018593521428?zone=book&lid=book_class3_iqz&actid=book_class3_iqz,蕭淑芬，賴佳盈，黃小珊，林易青,臺北市政府,9789865464585,https://cdn.kingstone.com.tw/book/images/product/20185/2018593521428/2018593521428b.jpg,"

108年本處製作「廉潔寶寶聯盟_看到怪怪的請舉手（勇敢吹哨篇）」動畫，透過小松鼠小栗發現盪鞦韆怪怪的，並呼叫廉潔寶寶聯盟的事件，向幼兒宣導正直誠信、勇敢舉發不法的重要。為讓動畫更富有教育意涵，本處與教育局共同出版「廉潔寶寶聯盟」幼兒廉潔教育教材，並邀請臺北市國民教育輔導團為本書構想延伸廉潔教育教案，以有趣的活動、問答引導幼兒探索誠信價值觀。
                    
"
水水蘭陽‧百年電火（精裝） 台灣電力文化資產叢書12,https://www.kingstone.com.tw//basic/2024480879909?zone=book&lid=book_class3_iqz&actid=book_class3_iqz,林欣誼，陳歆怡，高彩雯,台電      ,9789865331658,https://cdn.kingstone.com.tw/book/images/product/20244/2024480879909/2024480879909b.jpg,"

★ 專業爬梳日治時期第一手史料，解讀未曾被揭露的文獻★ 收錄超過200張圖片，包括珍貴設計圖面、老照片與空拍實景★ 多面向田調訪談，以文化視野重新看待電廠的使命與價值宜蘭的水力發電奇蹟座落在宜蘭三星鄉的蘭陽發電廠，其前身為1922年完工的天送埤發電所與1941年增設的圓山發電所。在水力發電剛起步的1920年代，天送埤發電所的發電量曾稱霸全臺，促進林業、造紙、電化等產業發展；發電尾水排入當地人暱稱的「電火溪」，滋養出下游的阡陌良田；圓山發電所在戰後則曾是北部地區的主力電廠。蘭陽發電廠至今仍以臨時壩取水發電，看似原始簡約，卻蘊藏與環境共生的智慧，如今更與時俱進，邁向再生能源新寵「微水力」的創新實驗。
                    
"
特定時空環境下的詩禮之教：《詩》教體系的萌芽與定型‧分論篇,https://www.kingstone.com.tw//basic/2018310198971?zone=book&lid=book_class3_iqz&actid=book_class3_iqz,林素英,師範大學  ,9789865624682,https://cdn.kingstone.com.tw/book/images/product/20183/2018310198971/2018310198971b.jpg,"

孔子為何要說：「興於《詩》，立於禮，成於樂」？又為何要對獨子伯魚說：「不學《詩》無以言，不學禮無以立」？孔子以「思無邪」來概括《詩》，朱熹為何偏說〈國風〉多〈淫詩〉？──閱讀本書上編，可以讓你豁然開朗！孔子說：「祭如在。」請看──在宗廟祭禮的雅樂歌舞與齊聲頌讚中，祖先德澤依次浮現！從詩、禮、樂的交織融合，與會者已油然興發崇德報功的感人情懷！祭禮後的合族共食，更是凝聚族人情感的最佳時機！君臣宴飲與其他鄉飲酒禮等活動，其詩、禮、樂，又如何融合？──閱讀本書中編，將可進一步理解！地不愛寶！〈詩論〉問世了！〈詩論〉趕忙向大家招手，解《詩》不能單憑《詩序》呀！還有我呢！別忘了：從周初到《詩序》的時代已有千年，滄海桑田早已多有變化！閱讀本書下編，將可稍窺以〈詩論〉為中介的《詩》教思想變遷一隅！
                    
"
日記與民國史事,https://www.kingstone.com.tw//basic/2016280101366?zone=book&lid=book_class3_iqz&actid=book_class3_iqz,呂芳上,政治大學  ,9789869954440,https://cdn.kingstone.com.tw/book/images/product/20162/2016280101366/2016280101366b.jpg,"

20世紀的民國變局中，從20年代到70年代蔣介石可以呼風喚雨，比之芸芸眾生，蔣是時代的「大人物」。蔣雖也有以聖賢自居之時，追隨者也不免有製造偶像之嫌。但真實的他，是由一介平民晉身軍界，走入政界，一生深具東方與西方、傳統與現代、文人與武將之間層疊往復的色彩。本書本著多元面向，利用不同史料，尤其是以「他者」的日記來對證「蔣介石日記」，不找楷模也不尋典範，毋需頂禮膜拜也不見營造朝聖氛圍，結結實實點出蔣這位人物的歷史地位，見其正面亦見其弱項，尤呈顯其活活潑潑的一生，這才算「真史」。
                    
"
智慧建築在臺灣‧2020 ： 第二屆優良智慧建築作品專輯,https://www.kingstone.com.tw//basic/2014410167862?zone=book&lid=book_class3_iqz&actid=book_class3_iqz,溫琇玲，蕭又仁,建築研究所,9789865450861,https://cdn.kingstone.com.tw/book/images/product/20144/2014410167862/2014410167862b.jpg,"

本專輯收錄2020第二屆優良智慧建築8件得獎作品，包含建築物基本資料、智慧建築標章各指標以及智慧化相關介紹，並節錄評選過程與頒獎典禮。
                    
"
全圖：中國與歐洲之間的地圖學互動,https://www.kingstone.com.tw//basic/2025216780476?zone=book&lid=book_class3_iqz&actid=book_class3_iqz,卜正民,中央研究院,9789865432638,https://cdn.kingstone.com.tw/book/images/product/20252/2025216780476/2025216780476b.jpg,"

1644年，南京一位名叫曹君義的出版商，印製了一幅獨特的世界地圖，他稱之為「天下全圖」。其雖沿襲了某些可上溯宋元時期的中國慣例，卻也借鑒了一幅由奧特柳斯（Ortelius）設計、耶穌會傳教士利瑪竇在南京印製的歐洲版世界地圖。現今在兩個國家圖書館中仍保存了曹君義版地圖：其一在北京，另一在倫敦。本書的兩個章節，原是發表在中央研究院郭廷以學術講座的講稿，每章即是以這兩本曹君義地圖中的一本作為出發點，去重建一段世界地圖的歷史，以此回顧早期的中國和歐洲在繪製世界地圖上的嘗試，並展望中國的世界地圖（如曹君義的版本）對歐洲地圖學的影響。這段歷史表明了：歐洲人仰賴中國人對亞洲的知識，並不亞於中國人倚賴歐洲人對世界的認識。今日我們所知道的世界地圖，正是在這種相互作用下，於焉誕生。Completing the Map of the World: Cartographic Interaction between China and EuropeIn 1644, a Nanjing publisher named Cao Junyi printed a unique world map that he called “a complete map of all under Heaven.” He followed certain Chinese conventions going back to the Song and Yuan dynasties, but he also drew on a European map of the world designed by Ortelius and printed in Nanjing by the Jesuit missionary Matteo Ricci. Copies of this map survive today in two national libraries, one in Beijing and the other in London. The two chapters of this book, originally delivered as the Kuo Ting-yee Memorial Lectures at Academic Sinica, each take one of these copies of Cao’s map as points of departure to reconstruct a history of world maps that looks back to earlier Chinese and European attempts to map the world and forward to the effects that Chinese world maps like Cao’s had on European cartography. This history reveals that Europeans depended on Chinese knowledge of Asia just as much as Chinese depended on European knowledge of world. Out of this interaction emerged the map of the world as we know it today.
                    
"
日治時代台灣原住民族研究史：先行者及其台灣踏查,https://www.kingstone.com.tw//basic/2015360102491?zone=book&lid=book_class3_iqz&actid=book_class3_iqz,笠原政治、陳文玲,臺灣大學  ,9789863504191,https://cdn.kingstone.com.tw/book/images/product/20153/2015360102491/2015360102491b.jpg,"

追溯研究史的意義，在於喚起人們關注那些被忽略的歷史軌跡。台灣原住民族研究從日治時代至今已有百年以上的歷史。當代仍參考援引日治時代所留下之文獻者不計其數，卻不曾有人將此期間的研究者及其背景做過系統性的整理及解讀。作者笠原政治自選二十年來陸續發表與民族分類有關的論文，依日治時代先行者進行研究調查的時間為縱軸，追溯原住民族全體分類軌跡的議題，構成這本以研究史與民族分類為主題的專書。本書從原住民族研究先驅「三傑」：伊能嘉矩、森丑之助、鳥居龍藏等先行者縱橫全島的台灣踏查採集，到《台灣原住民族系統所屬之研究》這部學術著作之解析，以探討原住民族分類的由來與經過，盼能引起更多讀者對台灣原住民族研究領域的興趣，並且對日治時代的資料有正確認識與解讀。
                    
"
翻譯東亞：美學與意識形態,https://www.kingstone.com.tw//basic/2018110091038?zone=book&lid=book_class3_iqz&actid=book_class3_iqz,陳芳明,政治大學  ,9789869954419,https://cdn.kingstone.com.tw/book/images/product/20181/2018110091038/2018110091038b.jpg,"

「翻譯」不單是指外文翻譯成中文、文言文翻譯成白話文，事實上，不同各地的美學，用中文表達出來的時候，它本身就是個「翻譯」。翻譯的現代性，也不只是語言方面而已，還包括從後殖民觀點來看文化。殖民者與被殖民者之間的社會，並非是完全從帝國複製過來，乃是經由殖民地的文化脈絡轉化而成。「翻譯東亞」所欲呈現的，即是從小說、詩、戲劇、電影等各類文學範疇，試圖解讀東亞自身翻譯出的邏輯體系及影響擴散。
                    
"
臺灣史研究文獻類目2019年度（精裝）,https://www.kingstone.com.tw//basic/2020160012017?zone=book&lid=book_class3_iqz&actid=book_class3_iqz,臺灣史研究文獻類目編輯小組編,中央研究院,9789865432546,https://cdn.kingstone.com.tw/book/images/product/20201/2020160012017/2020160012017b.jpg,"

《臺灣史研究文獻類目》，以年度為範圍，蒐集具有歷史研究取向與學術規範的專書與論文書目。期適時提供正確的臺灣史研究的相關出版資訊與完整文獻書目，協助學界建立兼具累積性和前瞻性的學術批評傳統。為便於讀者檢索利用，本書目分為總類、政治、經濟、社會、文化、史料等六大類。總類下分通史、人物傳記、工具書、研究方法等四類。政治、經濟、社會、文化、史料等五類則分為通論、史前與早期、清代、日治、戰後等時期。
                    
"
你可能毋熟識个客家：客家與基督教的相遇,https://www.kingstone.com.tw//basic/2025360102384?zone=book&lid=book_class3_iqz&actid=book_class3_iqz,黃宣衛,中央研究院,9789865432584,https://cdn.kingstone.com.tw/book/images/product/20253/2025360102384/2025360102384b.jpg,"

《你可能毋熟識个客家：客家與基督教的相遇》原是中研院民族所博物館推出的一檔特展。展示架構有五大單元：（一）客家、基督教與十九世紀的華南，（二）瑞士的巴色差會遇上東方的客家，（三）巴色差會建立的華南客家教會網絡，（四）計畫移民與沙巴的客家教會，及（五）臺灣客家教會、客家運動與全球教會網絡。這本書是特展的副產品。全書主要分成兩大部分。第一部分是展覽的圖文解說，主要是根據研究團隊從2017年7月至2019年3月，所進行的文獻整理、田野考察、策展工作坊與特展展示架構的文字整理。第二部分為與本次特展相關的八篇文章。
                    
"
西方中心世界的式微與全球新秩序的興起,https://www.kingstone.com.tw//basic/2015780087538?zone=book&lid=book_class3_iqz&actid=book_class3_iqz,朱雲漢，鄭永年,臺灣大學  ,9789863504245,https://cdn.kingstone.com.tw/book/images/product/20157/2015780087538/2015780087538b.jpg,"

集聚十五位來自美國、歐洲與亞洲的大師級學者於一堂，從思想、歷史、政治、經濟與國際關係等角度，幫助理解中國再興與非西方世界全面崛起對於既有的西方中心世界秩序，帶來的衝擊與改變。
                    
"
pokavole tatopodhaolaeni， okavole i takasokolroo vaha 還原真相，實現正義：總統府原住民族歷史,https://www.kingstone.com.tw//basic/2025360103596?zone=book&lid=book_class3_iqz&actid=book_class3_iqz,Kolas Yotaka,總統府    ,9789865454203,https://cdn.kingstone.com.tw/book/images/product/20253/2025360103596/2025360103596b.jpg,"

綜述「總統府原住民族歷史正義與轉型正義委員會（原轉會）」對話平台成立三年之成果，內容包括原轉會成立緣由、運作情形、歷次委員會議重點摘錄、五個主題小組研究專文與側記，以及政府各機關推動落實原住民族政策之成果報告等。
                    
"
Taiwan and Vietnam：language，literacy and nationalism,https://www.kingstone.com.tw//basic/2018500024653?zone=book&lid=book_class3_iqz&actid=book_class3_iqz,Wi-vun T. Chiung,亞細亞    ,9789869888707,https://cdn.kingstone.com.tw/book/images/product/20185/2018500024653/2018500024653b.jpg,"

This book provides readers a better understanding of language, literacy, and nationalism in Taiwan and Vietnam. This book “Taiwan and Vietnam: Language, Literacy and Nationalism” in English is an overall survey of Vietnam and Taiwan from a perspective of comparative studies. In addition, this book also introduces and compares the history of language, orthography and literature in the Hanji cultural sphere, such as Vietnam, Taiwan, Korea and Japan. This book can be considered one of the rare publications introducing the history of language and literature of Taiwan to Vietnamese readers.
                    
"
人類學的你們‧我們‧他們,https://www.kingstone.com.tw//basic/2015410297979?zone=book&lid=book_class3_iqz&actid=book_class3_iqz,周文豪編撰、余舜德評述,自科博物館,9789865460174,https://cdn.kingstone.com.tw/book/images/product/20154/2015410297979/2015410297979b.jpg,"

107年秋季，科博館邀請了中研院余舜德博士共同策劃，推出了一系列八場與人類學相關的演講，主題訂為「人類學的你們‧我們‧他們」，但演講內涵不僅涵蓋了民族、文化與宗教，甚至包括了人性、夜市和巫術！內容豐富多元，給聽眾的不單是知識的傳遞，更多的是觀念上的刺激與重塑。
                    
"
同理心、情感與互為主體：人類學與心理學的對話[二版],https://www.kingstone.com.tw//basic/2015410298051?zone=book&lid=book_class3_iqz&actid=book_class3_iqz,劉斐玟、朱瑞玲,中央研究院,9789865432447,https://cdn.kingstone.com.tw/book/images/product/20154/2015410298051/2015410298051b.jpg,"

繼1972年李亦園、楊國樞主編的《中國人的性格：科際綜合性的討論》出版後，本書是四十年來第一本從跨學科視角，集結人類學與心理學家，兼及精神分析與哲學領域的學者，共同探討文化與心理現象之間，如何相互涵化、相互表述的論文集。透過理論思辨與世界民族誌材料，本論文集的作者分從不同的學術關懷，探討在理解他者，進入他人文化、知識傳承，與內心世界的過程中，所涉及諸如「同理心」、「情感」，與「互為主體」等概念，從中並揭櫫「理解」作為一種對話過程所面臨挑戰，包括知行合一的實踐共做或習藝，觀看的偏誤，聆聽的藝術，敘說的脈絡化，非知自省的觀照能力，情感的展演、擬入與超越，異己之別的差辨框架，權力結構的運作模式，乃至在同理、感知他者之餘，如何不至因之消融自我的主體性，甚至達到相互理解。本書的出版也是對李亦園與楊國樞等人類學、心理學先輩，嘗試探索科際合作視域的禮敬。
                    
"
餐飲業通風型態分析與改善對策研究,https://www.kingstone.com.tw//basic/2014120094212?zone=book&lid=book_class3_iqz&actid=book_class3_iqz,王順志,勞動職安衛,9789865441845,https://cdn.kingstone.com.tw/book/images/product/20141/2014120094212/2014120094212b.jpg,"

台灣各類型的餐飲業廚房當中，以空間較小的中小型餐廳較為常見。廚師施展不同種類廚藝時，會連帶產生不同種類與特性的空氣汙染物。為此，不同類型與規模的餐廳，對於廚房通風換氣的規劃要求，會有顯著差別，而餐廳廚房在增刪移動廚房設備時，配合修改通風設施的作法，宜有一定的處理原則，而非隨興為之。本研究歸納本所以往所作的餐飲業通風相關研究，配合訪查國內餐飲業廚房的通風案例，就廚房空間需求、廚事汙染物分類控制、動線規劃、通風流路規劃、溫溼度控制、油煙處理技術、排油煙通風管道等，進行綜合整理與回顧，編寫一份內容簡單易行的「餐飲業廚房通風設施規劃維護指引」，敬供業者運用。
                    
"
八大山人論集（精裝本 上/下冊不分售）,https://www.kingstone.com.tw//basic/2029400098194?zone=book&lid=book_class3_iqz&actid=book_class3_iqz,王方宇,教育研究院,9789576388118,https://cdn.kingstone.com.tw/book/images/product/20294/2029400098194/2029400098194b.jpg,"

這本書是把近年各家撰寫有關八大山人研究的中文論文匯集在一起，並且把和八大山人同時人的紀錄四篇合併印成一冊。除將原文中圖版附入外，又在各文中加入一些對說明有幫助的。本書上冊為論文；下冊為畫頁。
                    
"
應用物聯網 （IoT） 技術於石化管線安全監測研究,https://www.kingstone.com.tw//basic/2014860006803?zone=book&lid=book_class3_iqz&actid=book_class3_iqz,曹常成、王朝正,勞動職安衛,9789865441548,https://cdn.kingstone.com.tw/book/images/product/20148/2014860006803/2014860006803b.jpg,"

石化廠以管線運輸石油、天然氣及化學原料是最常見且經濟、有效的方法，管線廣泛應用於石化工廠各設備之間內容物的輸送管道，但因石化管數量龐大、配置複雜、操作條件不同，平時運轉時多倚賴人員做目視檢查或測厚等方式，以掌握管線安全性，但對高架管線平時人員不易接近實施檢查，近年來發生多起石化管線劣化、洩漏引發火災爆炸等事故，即屬這類管線所引起。本研究彙整國內外在管線安全檢查之相關規範，管線劣化破損之事故案例，蒐集目前既有的非破壞檢測及物聯網等新技術，瞭解場域管線監測技術之限制、感測器選擇，以及感測器設置方式等技術資料，探討國內外有關管線檢測結合物聯網 (IoT) 的技術現況，透過專家座談會的討論，研析結合物聯網技術實施高架管線檢測之可行方式。本研究完成國內外在管線安全檢查之相關規範探討，場域管線非破壞檢測技術分析及使用限制，提出結合物聯網在解決石化廠高架管線安全監測之可行建議，供石化廠應用參考。

"
弱勢對象就業服務與社政單位、民間團體合作模式：以低收入戶、中低收入戶為例,https://www.kingstone.com.tw//basic/2015420086716?zone=book&lid=book_class3_iqz&actid=book_class3_iqz,黃春長、王素彎、彭素玲、葉崇揚,勞動職安衛,9789865441326,https://cdn.kingstone.com.tw/book/images/product/20154/2015420086716/2015420086716b.jpg,"

經濟弱勢者的就業問題並不單純只是找工作的議題，因其自身的多重困境而使涉及的層面頗為廣泛，有些並非勞政資源可涵蓋，或需社政或其他單位的資源與配合，才能有效改善低收、中低收入戶的就業與脫貧困境。本研究運用2012年至2018年勞保資料勾稽臺北市政府低收、中低收入戶社政資料，透過量化與質化分析方法進行研究，期能提出有效改善現行協助低收、中低收入戶的服務模式及相關政策建議。
                    
"
我國技能檢定與技能競賽現況與制度之研究,https://www.kingstone.com.tw//basic/2014030001027?zone=book&lid=book_class3_iqz&actid=book_class3_iqz,吳慧娜、黃春長、張皇珍、周韶珍,勞動職安衛,9789865441791,https://cdn.kingstone.com.tw/book/images/product/20140/2014030001027/2014030001027b.jpg,"

為厚植國家專業人才培育及提升產業競爭力，全球國家對於職業證照、技能競賽制度高度重視。依據勞動部2019年統計資料顯示開辦的技能檢定職類有139種，技術士發證327,082人。但由於公辦技能檢定項目與當前產業人才實際需求似有落差，技檢制度角色與功能也需要重新檢視。本研究乃將透過文獻整理、深度訪談與焦點座談會議，探討我國技能檢定與技能競賽功能之角色與功能，在量性研究方面運用勞工保險資料分析技術士職涯發展現況。
                    
"
我國職場心理健康及員工協助之實務分析,https://www.kingstone.com.tw//basic/2014120089485?zone=book&lid=book_class3_iqz&actid=book_class3_iqz,郭建志、胡佩怡,勞動職安衛,9789865441265,https://cdn.kingstone.com.tw/book/images/product/20141/2014120089485/2014120089485b.jpg,"

本研究旨在調查我國員工職場心理健康狀況與企業執行員工協助實務的趨勢，並將調查結果彙整為數據資料庫，提供政府單位及企業組織進行推廣及實務導入。本研究首先收集學術文獻與其他書面材料（企業文案、期刊、雜誌），整合出17項員工協助實務，並分成工作面、生活面、健康面等三大面向；同時，為瞭解這些員工協助實務如何影響員工，本研究以心理資源理論為基礎，提出身心資源、彈性資源、資訊資源、經濟資源、關係資源及專業資源說明它們在員工協助實務與職場心理健康間的角色。
                    
"
各國因職業引起精神疾病與工作壓力相關性之比較,https://www.kingstone.com.tw//basic/2014120089515?zone=book&lid=book_class3_iqz&actid=book_class3_iqz,李貞嫺、林冠含,勞動職安衛,9789865441524,https://cdn.kingstone.com.tw/book/images/product/20141/2014120089515/2014120089515b.jpg,"

本研究蒐集30篇文獻以了解工作心理壓力與精神疾病之間的關係，文獻中探討最頻繁的工作壓力暴露為長工作時數與工作壓力，其次為職場霸凌與職場性騷擾。而最常見的精神疾病則為憂鬱症，其次是焦慮症。文獻皆發現工作壓力與精神疾病呈現正向關係，亦即工作壓力越大或遭遇一些工作暴露風險，罹患精神症狀或疾病的風險就增加。此外，工作壓力引起精神疾病認定之相關政策，以日本所制定的認定基準最為詳盡，法國則是在做精神疾病的工作相關性評估時考慮將壓力模型納入暴露所造成的風險中，有助於作為我國增修相關政策之參考。
                    
"
職場肌肉骨骼傷病預防之健康管理成效評估研究,https://www.kingstone.com.tw//basic/2014120089645?zone=book&lid=book_class3_iqz&actid=book_class3_iqz,謝曼麗、王子娟,勞動職安衛,9789865441517,https://cdn.kingstone.com.tw/book/images/product/20141/2014120089645/2014120089645b.jpg,"

針對受僱者肌肉骨骼傷病防治策略，本所研究曾建立風險評估以及四級防治策略，並研發相對應之線上「肌肉骨骼健康管理系統」，作為瞭解勞工各面向健康服務需求之平台以及篩檢肌肉骨骼傷病風險之工具，提供職醫、職護以及勞工健康服務人員方便使用的健康管理資訊平台，藉由此系統取得肌肉骨骼健康管理衛教影片與資訊，能讓肌肉骨骼症狀獲得早期篩檢、降低發生職業肌肉骨骼危害之風險。為評估肌肉骨骼健康管理推廣模式之成效，本研究方法立意選取14家企業執行肌肉骨骼傷病防治推廣計畫，由14位職護執行動作檢測403位勞工；由6位治療師於11家公司進行1-2個月（平均兩次）一對一諮詢與指導之臨場健康服務，針對121位勞工（平均年齡42.55±9.02歲）進行介入，並予以成效評估。研究結果經由臨場健康服務介入後，所有部位的疼痛平均分數皆有下降，其中又以上半身大部分部位（除了左手肘、右手肘）的疼痛分數有統計顯著差異（p<0.05）。下背疼痛有最大程度的疼痛分數下降。介入後身體所有部位的肌肉骨骼傷病風險皆下降，上半身大部分部位（除了左手肘）的風險值下降幅度皆達統計顯著意義，其中下背風險值從2.31分（介於低度風險至中度風險間）下降至1.72分（介於極低度/暫無風險至低度風險間）。在減效出席量表方面，介入前量表分數為36.39±17.36，介入後分數為29.98±15.15，進步達到顯著（p<0.001），若以減效出席量表分數程度來看，臨場介入後，減效出席程度嚴重之比例為0.9%，中等程度者佔14.2%，輕微者比例為85%，介入後減效出席程度嚴重與中等者比例均下降。另職場物理治療師介入不只能減輕疼痛、降低肌肉骨骼傷病風險，對於工作效能也有顯著幫助。在健康行為表現方面，臨場介入後，勞工顯著改變對於運動或自我放鬆方式的態度與行為（p<0.05），態度傾向積極想藉由運動及自我放鬆的方式來減輕疼痛的比例有顯著增加。在提升自我效能方面，超過七成以上的勞工在接受過物理治療介入後相信自己可以調整工作姿勢來減輕身體痠痛、可以改善工作環境來減輕身體痠痛、知道如何利用影片來執行運動或使用按摩球來減輕痠痛、相信自己可以尋求專業諮詢以減輕痠痛、並且相信自己可以持續保持運動習慣。建議各公司可聘請特約治療師至其工作場所中提供適時諮詢服務以及各層級之肌肉骨骼傷病預防介入，以促進勞工職場健康、預防失能。藉由職護參與基礎動作檢測以及物理治療師（或職能治療師）臨場健康服務，共同協力即早發現職業傷病高危險群及採取預防性健康管理措施。

"
高齡社會勞動健康對策研究,https://www.kingstone.com.tw//basic/2014120092218?zone=book&lid=book_class3_iqz&actid=book_class3_iqz,徐雅媛,勞動職安衛,9789865441333,https://cdn.kingstone.com.tw/book/images/product/20141/2014120092218/2014120092218b.jpg,"

本研究目的在於瞭解我國各行業勞動者的健康衝擊與勞動參與變動情形，並探討健康對勞動變動的影響，針對國際組織進行文獻回顧，運用勞保資料，分析各行業勞工在中高齡後的工作率、行業轉變，並透過多重狀態模式(MSM, multi-state model)進行建模，估計各行業勞工45-64歲的工作活躍年數。運用健保資料，分析嚴重疾病(包括：中風、腎臟病、癌症、事故傷害)與慢性病(下背痛、心臟病、缺血性心臟病、高血壓、糖尿病、關節炎)對勞工工作變動的影響，估計工作活躍年數的損失。
                    
"
早發性失智症者對於續留職場服務需求及協助措施之探討,https://www.kingstone.com.tw//basic/2014120092348?zone=book&lid=book_class3_iqz&actid=book_class3_iqz,徐雅媛,勞動職安衛,9789865441487,https://cdn.kingstone.com.tw/book/images/product/20141/2014120092348/2014120092348b.jpg,"

本研究蒐集澳洲、英國及美國早發性失智症國內外政策文獻，運用勞保、健保跨部會資料對國內早發性失智症就業情形進行數據分析。研究發現：(一)台灣、澳洲及英國對於早發性失智症已有相關倡議、政策和研究。(二)企業在應對早發性失智症受僱者建立一套清楚及明確工作指引或為其做職務再設計。(三)2001至2015年確診數為早發性失症者為40,699人，有勞保且有工作為19,750人，50-59歲及60-64歲人數較為明顯增多。製造業占最多、其次營建工程業、批發及零售業。一年內仍續留原職場者占90.8%，失業超過2個月重返職場較高之行業為電力及燃氣供應業。農林漁牧業重返職場低於失業平均天數，即相較於其他行業較容易在短期時間內找到工作。
                    
"
電影電視從業人員職業災害預防研究,https://www.kingstone.com.tw//basic/2014120092478?zone=book&lid=book_class3_iqz&actid=book_class3_iqz,何俊傑、楊芸蘋、張智奇,勞動職安衛,9789865441722,https://cdn.kingstone.com.tw/book/images/product/20141/2014120092478/2014120092478b.jpg,"

本研究參考我國現況，及加拿大、美國及香港等地之管理模式，針對影視業從業人員的作業內容、工作場所及通路、機械器具、用電設備等進行現場訪視及人員訪談，對作業現場行風險辨識。本研究並就近10年勞工保險職業災害申請資料中，分析個案受傷的情形及危害因子。針對影視工作場所中可能的危害，結合跨領域的學者專家，針對問卷調查結果、工作安全流程及設備與安全設施的改善建議等進行深入探討，依產業特性與作業內容訂定相關安全作業標準，編製影視業職業災害預防指引及影視業安全衛生宣導手冊，並辦理研討會進行研究成果的推廣與交流，以提升產業安全衛生水準，並為確保演藝人員及相關支援人員有安全的工作環境。
                    
"
刨路作業人員粉塵暴露改善措施應用研究,https://www.kingstone.com.tw//basic/2014120092508?zone=book&lid=book_class3_iqz&actid=book_class3_iqz,洪粕宸、楊心豪、張富貴、劉耀中,勞動職安衛,9789865441715,https://cdn.kingstone.com.tw/book/images/product/20141/2014120092508/2014120092508b.jpg,"

研究計畫為方便刨路機加裝使用水噴霧防制設備，針對噴霧機組進行機電整合，並持續進行粉塵與結晶游離二氧化矽之抑制效能確認。機電整合後之噴霧模組包含噴霧系統機組、噴霧噴頭與水源供給，其中噴霧機組分為外部裝置、電源供應器、泵浦、繼電器與充電器；0.3 m與0.5 m噴嘴；水箱裝置為30 L。噴霧系統泵浦馬力為100W，噴霧水量為0.3 Lpm (7 kg/cm2輸出壓力)，電力來源為可外接車充，抑或本身長效電池維持4-6小時使用。整體而言，水噴霧系統對於刨路作業人員個人可呼吸性結晶游離二氧化矽暴露是具有抑制效果的，噴霧系統規格化後電源部分可自行充電或連接刨路機，方便未來推廣與應用。
                    
"
營造業熱壓力與體力負荷研究,https://www.kingstone.com.tw//basic/2014120092638?zone=book&lid=book_class3_iqz&actid=book_class3_iqz,陳信宏、龍世俊,勞動職安衛,9789865441630,https://cdn.kingstone.com.tw/book/images/product/20141/2014120092638/2014120092638b.jpg,"

依全球氣候變遷趨勢及國內氣溫屢創新高之現況，可得知戶外高氣溫作業場所，尤其是營造業之戶外勞動者之熱危害暴險觀測及分析的重要性。本研究重要結果如下：以IPCC AR5各情境下推估氣候變遷對營造業勞工健康影響結果顯示，北部地區四種升溫情境下，營造業勞工受熱暴險影響更為嚴重。傳統測量法與以氣象參數轉換之WBGT同步比對結果顯示，未來應用氣象參數觀測值轉換為WBGT值是可行的。評估熱壓力對健康影響結果顯示。以最具代表性的心跳變異率指標SDNN作評估指標，重工作勞動者工作時暴露在熱環境下，WBGT與SDNN呈現負相關，也就是不利於健康，戶外工作若無法避免，建議勞動者隨時注意自己身體狀況，出現頭暈、胸悶、噁心、嘔吐等情形，就應立即停止工作，至陰涼處休息，並補充適當水分。

"
探討國內產業噪音工程改善之應用－以結構振動噪音為例,https://www.kingstone.com.tw//basic/2014120092768?zone=book&lid=book_class3_iqz&actid=book_class3_iqz,李昆哲、王偉輝,勞動職安衛,9789865441500,https://cdn.kingstone.com.tw/book/images/product/20141/2014120092768/2014120092768b.jpg,"

實際職場中會產生各種不同之噪音源，而在面對噪音問題時，多數會直覺性的認為噪音是透過空氣傳遞至人耳，經常容易忽略噪音源也可能是透過結構振動而導致。而結構振動所引起的噪音在處理上須著重於噪音源的減振，利用隔振器、隔振材料對作業機具進行減振處理，另外，為避免振動經由管路傳遞至牆面或天花板，則可以在固定機構連接處加上橡膠或是彈簧等材料盡可能避免剛性連接，以降低其透過結構振動傳遞的可能。今年度的研究目的主要係針對因結構振動所引起之噪音進行探討，建立結構振動噪音量測與評估模式，並收集相關改善案例，並針對結構振動類型之噪音建立一件實體改善模型，做為未來推廣與應用之參考，提供有意願從事噪音改善的事業單位參考。

"
我國中高齡照服員工作負荷與肌肉骨骼傷病現況之探討,https://www.kingstone.com.tw//basic/2014120092898?zone=book&lid=book_class3_iqz&actid=book_class3_iqz,陳信宏、呂東武,勞動職安衛,9789865441562,https://cdn.kingstone.com.tw/book/images/product/20141/2014120092898/2014120092898b.jpg,"

因應老化社會帶來的扶養負擔加重和長期照護需求增高及中高齡人口就業問題及保障，是政府持續努力的重要目標。本研究勞保資料分析結果，照服員於勞保傷病給付主要集中在下背及上肢的職業傷病，我國勞保傷病資料庫分析結果照服員之給付次數及給付率皆偏低，照服員受試者為40-60歲中高齡受試者。經動作分析運算後，得到受試者從事各項功能性動作之運動學、動力學重要參數指標，並與可攜式動作分析系統量測之結果比較。於動作分析實驗室之實驗結果顯示，照服員在做平行移位、翻身、拍背及轉位動作之腰椎力矩一生累積劑量平均為10.49MNh，大於職業性腰椎椎間盤突出認定參考指引。將工作時間及年資納入考量，並與「職業性腰椎椎間盤突出認定參考指引」進行比較，計算受試者之暴露量，結果顯示，照服員之暴露量超過指引內之參考值，需作為職業病之考量，長照工作帶來之潛在問題為腰椎長期承受極大負荷，為職業傷病之危險因子。
                    
"
電子零組件製造業勞工工作壓力對生活型態之影響,https://www.kingstone.com.tw//basic/2014120092928?zone=book&lid=book_class3_iqz&actid=book_class3_iqz,李貞嫺、陳鑫昌,勞動職安衛,9789865441593,https://cdn.kingstone.com.tw/book/images/product/20141/2014120092928/2014120092928b.jpg,"

本研究旨在探討電子零組件製造產業勞工之健康狀況，利用生物監測技術分析尿液中粒線體能量代謝相關指標、維生素B群指標、神經傳導物質代謝指標及腸道菌相指標；分析尿液中DNA氧化傷害生物指標8-OHdG；分析尿液中尿素氮、肌酸酐、尿蛋白、尿糖、膽紅素、白血球等指標，針對勞工的身體狀況進行了解。同時利用問卷調查及壓力量表分析等，了解工作壓力及疲勞對於體內代謝物含量之影響，期望藉由早期診斷及改善生活習慣而達到預防勞工過勞及過負荷及職場健康促進之目標，以維護勞工健康。研究已完成國內電子零組件製造廠A廠、B廠及C廠之兩階段參與者招募，並根據第一階段之職業壓力量表問卷及過勞量表問卷之統計分數結果納入94位壓力組參與者及30位對照組參與者，進行第二階段之的血液、尿液檢體採集、生活習慣問卷調查及攝食頻率調查。

"
職場危害因子健康危害與容許暴露標準建議值研究,https://www.kingstone.com.tw//basic/2014120093000?zone=book&lid=book_class3_iqz&actid=book_class3_iqz,陳成裕,勞動職安衛,9789865441807,https://cdn.kingstone.com.tw/book/images/product/20141/2014120093000/2014120093000b.jpg,"

為保護勞工免於工作環境中過度暴露於各種的危害因子，各國皆制定有勞工作業環境中危害因子的容許暴露標準，國際間從事這方面的運作經驗最久且成果最被廣泛引用者，有美國政府工業衛生師協會（ACGIH）的閾限值委員會（TLV Committee）及德國DFG的MAK委員會，本研究參考各國運作方式，蒐集資料並回顧文獻，建立我國職場中化學性或物理性危害因子之容許暴露標準建議值（REL），作為勞動部審議我國容許暴露標準（PEL）之學理依據與參考。本研究完成蒐集及整理鋁、除正己烷外的己烷同分異構物、庚烷及其同分異構物、辛烷及其同分異構物等化學性危害因子之相關健康危害資料文獻，提出我國鋁、除正己烷外的己烷同分異構物、庚烷及其同分異構物、辛烷及其同分異構物之建議容許暴露標準。

"
機械設備製造業勞工健康危害因子探討,https://www.kingstone.com.tw//basic/2014120093130?zone=book&lid=book_class3_iqz&actid=book_class3_iqz,洪敬宜、簡毓寧,勞動職安衛,9789865441685,https://cdn.kingstone.com.tw/book/images/product/20141/2014120093130/2014120093130b.jpg,"

過去針對機械設備製造業之職業疾病所提出的報告，多侷限於個案研究、小樣本蒐集、或單項疾病或職業災害之橫斷面調查，尚缺乏透過巨量長期追蹤資料所進行之研究。因此，本研究將串聯我國兩大母體資料檔：勞工保險資料庫以及健康保險資料庫，建構一個兼具受雇勞工行業別及醫療資訊之母體長期追蹤資料(2007-2017年)檔案，透過大數據分析，評析勞工暴露於特定行業別時，可能發生之職業傷害及職業病健康風險，並分別以全行業與金融業勞工作為對照組，檢視機械業勞工於職業傷害及職業病的各項申報項目中，是否有顯著高於全國水準。另，鑒於健保資料僅提供醫療相關資訊，惟個人生活習慣、工作壓力、心理負擔、以及危害環境暴露等變項較為匱乏，故本研究作一橫斷面調查研究，針對「機械設備製造業勞工作業型態人員個人及職場健康危害因子」進行問卷調查，讓本研究之分析內容更臻完備。研究結果顯示，「被夾或被捲」、「被刺、割、擦傷」為機械設備製造業高風險之職業傷害；而在職業疾病部分，儘管在機械設備製造業勞工的「手臂肩頸疾病」、「職業性下背痛」職業病健康風險尚無高於全國平均水準，但由資料庫分析可知，此兩項仍為機械設備製造業勞工較容易發生之職業疾病。

"
作業環境有害物智慧監測系統推廣計畫,https://www.kingstone.com.tw//basic/2014120093260?zone=book&lid=book_class3_iqz&actid=book_class3_iqz,鄭乃云、陳均衡,勞動職安衛,9789865441708,https://cdn.kingstone.com.tw/book/images/product/20141/2014120093260/2014120093260b.jpg,"

本研究透過實際場域驗證進行感測裝置整合性測試，其數據之獲取率皆達95%以上，具有穩定之連續監測之效果，且能有效鑑定出主要汙染源或是作業期間之暴露趨勢，並依據實際場域測試之結果進行感測裝置軟硬體端之缺失修正。另本研究亦透過辦理技術宣導說明會進行感測裝置技術之推廣，提出技術應用規格及使用限制，作為未來技術精進與規畫推廣對象之參考依據。本研究經盤點結合法規、國際做法與驗證之結果，針對「危害性化學品評估及分級管理辦法」及「勞工作業環境監測實施辦法」兩項規範，納入感測元件應用並提出法規修正建議，期望本研究成果未來可結合法規，讓即時感測裝置作為協助事業單位進行暴露評估與採樣規劃之輔助工具。
                    
"
高風險職業病勞工流行病學調查研究（II）,https://www.kingstone.com.tw//basic/2014120093390?zone=book&lid=book_class3_iqz&actid=book_class3_iqz,潘致弘、吳明蒼,勞動職安衛,9789865441906,https://cdn.kingstone.com.tw/book/images/product/20141/2014120093390/2014120093390b.jpg,"

本研究目的包括1.蒐集分析國內外有關職業病高風險勞工世代追蹤調查或個案調查評估之流行病學文獻資料、2.勞工疑似化學性危害引起之職業病個案調查、3.透過回溯性流行病學調查研究，以及以乳癌為例，分析2008-2016年間勞工乳癌症發生率和死亡率趨勢、4.利用衛生福利部資料建立醫事人員世代，以及分析醫事人員世代發生乳癌癌症期別、所有死因、乳癌死因分布、5.透過前述工作項目進行資料分析，探討特殊作業與乳癌相關性、6.完成二項化學性危害引起勞工職業病認定參考基準、7. 辦理一場勞工職業病預防研討會。
                    
"
睡眠呼吸中止症對職業駕駛安全衛生影響評估研究,https://www.kingstone.com.tw//basic/2014120094472?zone=book&lid=book_class3_iqz&actid=book_class3_iqz,潘致弘、莊校奇,勞動職安衛,9789865441876,https://cdn.kingstone.com.tw/book/images/product/20141/2014120094472/2014120094472b.jpg,"

睡眠呼吸中止症對職業駕駛安全衛生影響評估研究
                    
"
一般型漏電斷路器對具有電力電子電路的特定設備之漏電保護評估,https://www.kingstone.com.tw//basic/2015550054319?zone=book&lid=book_class3_iqz&actid=book_class3_iqz,蘇文源、辜志承,勞動職安衛,9789865441388,https://cdn.kingstone.com.tw/book/images/product/20155/2015550054319/2015550054319b.jpg,"

前市售漏電斷路器主要用於一般市電之60Hz頻率正弦波交流電之電路使用，然而為了節能、效能提升及控制功能之需要，眾多電力電子類半導體元件，已大量使用於具有馬達、壓縮機及交換式電源供應器等特定設備之電路上，而此等電路可能已經不是原來60Hz頻率正弦波交流電，而國際電工委員會IEC 60755對此類典型電力電子設備，要求應有適當之漏電斷路器種類。本計畫首先分析及建立國際電工委員會IEC 60755之12種典型電力電子設備電路的可能漏電故障模式，並測試市售22個漏電斷路器是否可動作，其次實測3項市售具有電力電子設備之產品，於發生漏電故障時，市售漏電斷路器是否可動作，最後探討電力電子設備之漏電保護方式，並編製相關漏電保護技術指引。
                    
"
電氣活線作業用裝置相關法規與標準探討,https://www.kingstone.com.tw//basic/2015550054449?zone=book&lid=book_class3_iqz&actid=book_class3_iqz,蘇文源、古家豪,勞動職安衛,9789865441395,https://cdn.kingstone.com.tw/book/images/product/20155/2015550054449/2015550054449b.jpg,"

電氣活線作業用裝置主要有絕緣昇空裝置、絕緣梯及絕緣作業台等，但目前國內僅有絕緣梯國家標準，而沒有其他相關標準的規格與檢驗方法。本計畫除彙整國內外之相關法規外，主要為彙整比較國內外電氣活線作業用裝置相關標準之規格與檢驗方法，其中包括國際電工委員會(IEC)、歐盟(EN)、美國(ANSI/SAIA)、日本及國內CNS之相關標準，並研議國內未來可採用之相關標準，以提供國內採用或制訂標準之參考。
                    
"
營建工程導入ISO 45001之可行性分析與配套措施研究,https://www.kingstone.com.tw//basic/2015550054579?zone=book&lid=book_class3_iqz&actid=book_class3_iqz,張智奇、張篤軍,勞動職安衛,9789865441432,https://cdn.kingstone.com.tw/book/images/product/20155/2015550054579/2015550054579b.jpg,"

本計畫檢視ISO 45001條文，並蒐集日本營造業推動ISO 45001的做法，另藉由訪視及輔導4家營造事業單位以及3場專家座談會，探討營造業在推動ISO 45001時可能面臨的問題，再針對推動上較可能有困難的項目，參考過去推動管理系統的經驗，結合學者專家、驗證單位與營造業者，研提參考範例。另探討營造業工作人員職能架構及稽核人員職能課程，及促進營造業實施ISO 45001之相關配套措施建議。本計畫提出營造業職能規劃參考範例及稽核人員職能課程規劃，可供主管機關做為發展職能課程參考；編製風險評估、承攬商管理程序、以及外包管理程序等參考範例，協助業者導入ISO 45001；並研提協助營造業推動ISO 45001之輔助措施建議，提供相關主管機關及事業單位參採。
                    
"
智慧型產業用安全帽開發研究,https://www.kingstone.com.tw//basic/2015550055491?zone=book&lid=book_class3_iqz&actid=book_class3_iqz,曹常成、姜瑞哲,勞動職安衛,9789865441784,https://cdn.kingstone.com.tw/book/images/product/20155/2015550055491/2015550055491b.jpg,"

個人安全防護具是工作場所中勞工安全的最後一道防線，安全帽是最早也是使用最廣泛的個人防護具，在保護勞工頭部安全上扮演重要角色。局限空間等特殊作業場所因所處空間的侷限性，空氣不能充分循環流通，形成缺氧、中毒、爆炸等潛在危害，本案運用物聯網技術開發具便利性及安全性之智慧安全帽，可提升特殊作業人員之安全。目前勞工配戴的傳統安全帽在使用上除舒適度問題外，尚有諸多缺點，如輔助工具不足（如照明、通訊）、便利性不佳等因素，影響勞工的使用意願。本研究蒐集彙整目前產業安全帽種類及外加裝備之性能現況，規劃多功能安全帽整體功能，整合有害氣體感測、照明、人員活動監測、降噪及NB-IoT無線傳輸等物聯網新技術，進行硬體電路設計及韌體程式設計，完成智慧型產業用安全帽雛型設計、製作及功能測試，依雛型功能完成人員試用及問卷調查。本案完成智慧安全帽功能設計及雛型製作，藉由連外通訊、有害氣體感測等組件設計，可將具危險性的作業現場環境條件及勞工活動的資料上傳至後端監控中心，提升特殊作業勞工方便性及安全性之需求。藉由功能試用之問卷結果，提供後續功能強化及商品化改善之建議。

"
真空電鍍作業勞工危害暴露調查及職業衛生法規探討,https://www.kingstone.com.tw//basic/2015550055521?zone=book&lid=book_class3_iqz&actid=book_class3_iqz,吳俊德、戴聿彤、陳婕、彭君傑,勞動職安衛,9789865441753,https://cdn.kingstone.com.tw/book/images/product/20155/2015550055521/2015550055521b.jpg,"

本研究針對真空電鍍作業之職業危害暴露現況及其職業衛生法規收集等進行調查研究，以期了解真空電鍍作業型態、作業環境有害物暴露實態、及法令之規定，提供國內真空電鍍作業職業危害預防之建議。
                    
"
職業安全衛生人才培育及教育訓練機制輔導推廣計畫,https://www.kingstone.com.tw//basic/2015550055651?zone=book&lid=book_class3_iqz&actid=book_class3_iqz,鄭乃云、謝馥蔓,勞動職安衛,9789865441692,https://cdn.kingstone.com.tw/book/images/product/20155/2015550055651/2015550055651b.jpg,"

本研究提出職安衛跨域物聯網課程導入培訓機構辦訓制度，辦理培訓機構說明會三場次，共計49家機構參與，18家事業單位具合作意願，期望未來透過培訓機構之訓練產能，擴大跨域課程之推廣及實際應用成效。本研究持續辦理階師資培訓課程，共培訓進階師資53人。此本研究針對可運用物聯網技術改善職場危害之項目，進行目前常見職場危害結合物聯網技術之參考案例，透過整理物聯網各種重要知識點，帶入職業安全衛生的場景，協助職業安全衛生人員掌握新知，使職安人員全面性掌握運用物聯網可以達成的優勢。
                    
"
職業災害統計指標之分析研究,https://www.kingstone.com.tw//basic/2015550055781?zone=book&lid=book_class3_iqz&actid=book_class3_iqz,林光邦、吳威德,勞動職安衛,9789865441838,https://cdn.kingstone.com.tw/book/images/product/20155/2015550055781/2015550055781b.jpg,"

我國目前主要以勞工保險職業災害千人率作為職業災害統計指標，本研究以美國、英國、日本、新加坡、韓國等國及國際勞工組織(International Labor Organization，ILO)與我國的職業災害指標現況進行描述。本計畫運用「人力資源調查統計」推估方式計算全國就業母數推估與未投勞保人數概算，「人力資源調查統計」推估母數結果正好呼應日本、新加坡、英國、美國、澳洲目前對於職災死亡、職業災害指標。本計畫除針對目前我國職業災害千人率指標提出調整建議外，並運用「跨單位資料庫整合分析方式」，提供職安署納入職災統計參考應用。

"
我國企業福利發展與政策因應之研究,https://www.kingstone.com.tw//basic/2015560052053?zone=book&lid=book_class3_iqz&actid=book_class3_iqz,陳威霖、郭晉源,勞動職安衛,9789865441494,https://cdn.kingstone.com.tw/book/images/product/20155/2015560052053/2015560052053b.jpg,"

研究目的在瞭解我國企業福利制度發展之現況及困境，並試圖提出具體之因應對策。透過蒐集相關文獻與案例進行分析，探討我國企業福利推動之現況與發展，並輔以深度訪談瞭解我國企業福利實際運作上目前所面臨到之問題及困境，再藉由國際比較分析整理出調整我國企業福利制度之政策建議。具體建議為：一、增進勞工參與；二、設置監察人制度；三、培育企業福利專業人員；四、開辦企業福利聯合服務網；五、定期辦理勞工福利概況調查；六、積極提升企業法遵意識；七、研議通盤檢討職工福利金條例。
                    
"
各國家庭照顧假之研究,https://www.kingstone.com.tw//basic/2015560052183?zone=book&lid=book_class3_iqz&actid=book_class3_iqz,張玉燕、許雲翔、姜貞吟、成之約,勞動職安衛,9789865441456,https://cdn.kingstone.com.tw/book/images/product/20155/2015560052183/2015560052183b.jpg,"

為了更了解國內外相關現況與政策措施，作為未來相關政策參考借鏡，本研究透過分析與比較我國、日本、韓國、美國、英國、德國、挪威、法國、瑞典與丹麥等國家庭照顧假及家庭照顧留職停薪之相關法令規定與發展趨勢等內容。訪談企業人資人員與地方主管機關共12人次，瞭解現行制度下家庭照顧假運用情形、實施上所遇困境及衍生問題與改善建議等現況。舉辦勞工利益團體座談會與專家焦點座談會各3場，最後提出具體建議以作為未來政策參考。
                    
"
零工經濟勞務提供現況之研究,https://www.kingstone.com.tw//basic/2015560052213?zone=book&lid=book_class3_iqz&actid=book_class3_iqz,張玉燕、簡慧茹,勞動職安衛,9789865441180,https://cdn.kingstone.com.tw/book/images/product/20155/2015560052213/2015560052213b.jpg,"

本研究透過文獻分析法蒐集國內外有關零工經濟現況與發展趨勢等相關資料，輔以深度訪談了解零工經濟勞務提供實際運作現況，以工作內容、勞務提供者之權利、勞務報酬、評比機制、平台規範與角色、補償與爭議處理與合約內容面相提出參考建議。
                    
"
我國護理人員工作時間問題之研究,https://www.kingstone.com.tw//basic/2015560052343?zone=book&lid=book_class3_iqz&actid=book_class3_iqz,康長健、林良榮、邱羽凡、傅柏翔,勞動職安衛,9789865441302,https://cdn.kingstone.com.tw/book/images/product/20155/2015560052343/2015560052343b.jpg,"

本研究透過文獻蒐集分析、深度訪談及焦點座談等研究方法，掌握我國護理人員的工時狀況，輪班、加班、待命、休息等之方式與態樣，探討我國護理人員之實務狀況，並蒐集先進國家護理人員工時相關法制與實務運作經驗，依據我國現況與各國法制及實務經驗比較分析，提出我國護理人員的工時管理相關建議。
                    
"
我國非境外聘僱漁船作業勞工之勞動檢查制度研究,https://www.kingstone.com.tw//basic/2015560052473?zone=book&lid=book_class3_iqz&actid=book_class3_iqz,李右婷、許雲翔、成之約、黎博文,勞動職安衛,9789865441227,https://cdn.kingstone.com.tw/book/images/product/20155/2015560052473/2015560052473b.jpg,"

漁工勞動檢查的困難度高，如何確保我國漁船船員之勞動權益，及早規劃有效的勞動檢查制度，並深入探討我國非境外聘僱作業勞工之勞動檢查制度，並參酌其他國家勞動檢查經驗，提供重要借鏡。研究發現，漁業勞動檢查事項眾多，且隸屬不同機關管轄，目前亟需強化跨部門整合機制並研議完整合宜的監督檢查體系。此外，若能建構一套妥善的評鑑機制與激勵制度，亦有助於漁船業者主動遵守相關法令。為使相關制度以臻至善，本研究並研提若干我國政府部門未來可努力的方向。
                    
"
教材數位化對訓練師資教學規劃之研究,https://www.kingstone.com.tw//basic/2015560052503?zone=book&lid=book_class3_iqz&actid=book_class3_iqz,黃春長、白景文,勞動職安衛,9789865441319,https://cdn.kingstone.com.tw/book/images/product/20155/2015560052503/2015560052503b.jpg,"

為因應政府推動大數據並落實總統及行政院之促進就業方針，以勞動部所屬機關所擁有資料為基礎，規劃以大數據分析及人工智慧建置職業訓練課程推介模型，並將模型導入聊天機器人進行推介服務，協助第一線業務人員進行就業服務並同時最佳化訓練課程效益。
                    
"
2030年就業趨勢與展望研究（二）,https://www.kingstone.com.tw//basic/2015560054347?zone=book&lid=book_class3_iqz&actid=book_class3_iqz,吳慧娜、黃春長、林欣吾、湯如茵,勞動職安衛,9789865441814,https://cdn.kingstone.com.tw/book/images/product/20155/2015560054347/2015560054347b.jpg,"

有鑑近年來企業導入新科技應用推動數位轉型，為掌握未來企業新科技應用動向及用人需求變化、企業人力資本發展概念以及產學訓合作制度精進方向，本研究除以經濟計量模型及問卷調查對就業市場進行觀測分析外，另應用質性訪談及工作坊等質性研究方法促進社會溝通提出政策建議，期能逐步引導勞動力於求學階段朝產業用人需求發展。根據本研究結果顯示，電子資訊、機械設備、醫材等產業在新科技導入下將帶動勞工在就業市場中朝高端職缺移動，廠商多以「漸進式」導入新科技應用，就業市場尚未發生巨幅結構性失業現象。其中，電子資訊業因新興科技應用相對普及，在人均產值穩定成長態勢下使得產值與就業人數逐漸脫鉤；機械設備業方面，多數企業在「智慧製造」概念下逐步轉型為製造服務業，在尚未創造超額利潤的情況下限制該業薪資水準，使得人才招募成為機械設備業人力資源發展瓶頸；相較之下，醫材業因產品研發期程較長，新科技以及人才策略上持續聚焦在生物技術。本研究以工作坊邀集企業及學校代表，研提產學合作機制精進方向，未來政府可協助中堅企業辦理「黑客松」吸引青年於求學階段認識企業，企業亦透過競賽尋覓人才；或建置「產學區域聯盟」平台，除了持續更新產業群聚用人需求作為學校與培訓機構授課參考外，共同就產業未來關鍵職缺須具備的職能進行交流，促進各產業群聚與周邊學校連結，以改善就業市場資訊不對稱以及磁吸效應所造成中堅企業與地方學校連結不足現象。
                    
"
景氣衝擊與波動對勞工就業機會分析研究,https://www.kingstone.com.tw//basic/2015560054477?zone=book&lid=book_class3_iqz&actid=book_class3_iqz,黃春長、李浩仲,勞動職安衛,9789865441241,https://cdn.kingstone.com.tw/book/images/product/20155/2015560054477/2015560054477b.jpg,"

本研究分析產業景氣波動與勞動市場關聯，並探討異質廠商下異質的勞工流動特性。有以下觀察：一、總體景氣變動和行業景氣變動並非同步，面對景氣衝擊，不同行業的勞動調整反應不同。二、需要將景氣變動分成波動和趨勢兩個面向。景氣源自於波動時，雇用調整只是來自於轉職量；景氣變化是趨勢時，雇用調整主要是來自出入失業狀態。三、年輕勞工轉換工作或進出失業的流動性皆高；而中高齡、高齡勞工流動性則較低，但此類勞工一旦離職也可能較可長期沒有下一個工作。四、年輕、相對低薪勞工於景氣增長時會更容易找到工作。在迴歸分析上，當景氣上升時，年輕、相對低薪勞工之淨失業流出率係數為正向顯著。

"
過勞預防政策與對策之比較及推動措施研究,https://www.kingstone.com.tw//basic/2015560054507?zone=book&lid=book_class3_iqz&actid=book_class3_iqz,陳成裕、陳秋蓉、許繼峰,勞動職安衛,9789865441760,https://cdn.kingstone.com.tw/book/images/product/20155/2015560054507/2015560054507b.jpg,"

為了瞭解各國職業促發腦心血管疾病之認定、與相關防治法規或預防對策，本研究計畫針對日本、韓國、德國及法國等國過勞案例、過勞防治法規制定與實施、過勞預防對策與預防措施推動成效研究，並比較國內外之差異，進一步探討於我國推行之適用性，作為我國過勞防治法規制定、過勞預防對策推動建議參考。各國對於過勞防治仍一直在修正中，故認為此研究案須以長期研究為目標，檢測勞工本身心理、生理狀況、線上工作等情形，改善工作環境、強化友善企業管理、組織管理作為及預防管理措施，才能得到更多研究證據能客觀地規定過勞的認定標準。

"
運用虛擬實境技術於加強化學品危害通識教育訓練研究,https://www.kingstone.com.tw//basic/2015560054927?zone=book&lid=book_class3_iqz&actid=book_class3_iqz,劉立文,勞動職安衛,9789865441821,https://cdn.kingstone.com.tw/book/images/product/20155/2015560054927/2015560054927b.jpg,"

運用虛擬實境技術於加強化學品危害通識教育訓練研究
                    
"
職場罹癌勞工就業促進及勞動力提升研究,https://www.kingstone.com.tw//basic/2015560054637?zone=book&lid=book_class3_iqz&actid=book_class3_iqz,徐雅媛,勞動職安衛,9789865441470,https://cdn.kingstone.com.tw/book/images/product/20155/2015560054637/2015560054637b.jpg,"

本研究追縱2004-2015初發生癌症勞工，研究發現仍在職占50.2%，罹癌年齡49.7歲。罹癌後第一年復工盛行率70.4%，第五年僅剩51%。研究建議: (一)勞工健康保護規則規範職場健康管理與促進。(二)有重新尋職需求，全國300多個公立就服機構辦理求職登記，或「台灣就業通」，提供就業資訊。(三)罹癌造成身心障礙者，透過職業重建協助就業。(四)罹癌勞工職場歧視，就業服務法明定：「雇主對求職人或所僱用員工，不予以歧視」。(五)勞政與衛生褔利就業政策，應結合職場復工和醫院出院準備。(六)罹癌勞工如屬職務再設計服務對象可申請。(七)全國已成立200個癌友支持團體，提供即時癌症資訊及心理支持。(八)年輕癌友運用線上線下社群平台，提供癌症存活者新的工作價值友善職場營造。
                    
"
閱讀，在這裡發生,https://www.kingstone.com.tw//basic/2010260001639?zone=book&lid=book_class3_iqz&actid=book_class3_iqz,洪淑惠、許淑娟、吳淑棉、林佳靜,南市圖書館,9789865415839,https://cdn.kingstone.com.tw/book/images/product/20102/2010260001639/2010260001639b.jpg,"

《閱讀，在這裡發生》，全書共分為〈閱讀新美學〉、〈時光讀字行〉、〈海岸閱讀風推動區圖閱讀環境優質化計畫〉、〈山林樂讀遊〉、〈小農耕讀樂〉、〈社區漫字遊〉等六大篇章。為紀錄臺南市推動區圖閱讀環境優質化計畫的過程與轉變。
                    
"
108年通訊傳播市場報告,https://www.kingstone.com.tw//basic/2015410292219?zone=book&lid=book_class3_iqz&actid=book_class3_iqz,國家通訊傳播委員會,通訊傳播委,9789865433680,https://cdn.kingstone.com.tw/book/images/product/20154/2015410292219/2015410292219b.jpg,"

本通訊傳播市場報告主要內容含括當年度消費者使用行為調查結果、產業供給面資訊、國內外通訊傳播市場匯流發展現況及趨勢分析比較。
                    
"
中華民國考試院院史（精裝附光碟）,https://www.kingstone.com.tw//basic/2015730226666?zone=book&lid=book_class3_iqz&actid=book_class3_iqz,考試院院史編撰委員會編,考試院    ,9789865431211,https://cdn.kingstone.com.tw/book/images/product/20157/2015730226666/2015730226666b.jpg,"

考試院自民國19年成立迄今90周年，為具體呈現發展沿革、職能與法制變革，並彰顯考試權在五權憲政體制下之特質，俾讓各界瞭解我國文官制度發展與考試院重要施政成果，編印考試院院史，以提供各界研究我國文官制度與考試權發展之參考。
                    
"
世界的新世界（中英文版）,https://www.kingstone.com.tw//basic/2018030975913?zone=book&lid=book_class3_iqz&actid=book_class3_iqz,郭漢辰、戴宛宣,北市勞工教,9789865416157,https://cdn.kingstone.com.tw/book/images/product/20180/2018030975913/2018030975913b.jpg,"

一群新世界的天使與小男孩-世界所碰撞出的火花冒險故事
                    
"
生活中的化學物質第二輯,https://www.kingstone.com.tw//basic/2014450047209?zone=book&lid=book_class3_iqz&actid=book_class3_iqz,林宇軒、Tzeng Alex、楊朝源等,毒物及化學,9789865438029,https://cdn.kingstone.com.tw/book/images/product/20144/2014450047209/2014450047209b.jpg,"

生活中的化學物質教育宣導文集
                    
"
世界的新世界（印尼文版）,https://www.kingstone.com.tw//basic/2018070008183?zone=book&lid=book_class3_iqz&actid=book_class3_iqz,郭漢辰、戴宛宣,北市勞工教,9789865416188,https://cdn.kingstone.com.tw/book/images/product/20180/2018070008183/2018070008183b.jpg,"

一群新世界的天使與小男孩-世界所碰撞出的火花冒險故事
                    
"
世界的新世界（越南文版）,https://www.kingstone.com.tw//basic/2018070008213?zone=book&lid=book_class3_iqz&actid=book_class3_iqz,郭漢辰、戴宛宣,北市勞工教,9789865416171,https://cdn.kingstone.com.tw/book/images/product/20180/2018070008213/2018070008213b.jpg,"

一群新世界的天使與小男孩-世界所碰撞出的火花冒險故事
                    
"
世界的新世界（泰文版）,https://www.kingstone.com.tw//basic/2018070008343?zone=book&lid=book_class3_iqz&actid=book_class3_iqz,郭漢辰、戴宛宣,北市勞工教,9789865416164,https://cdn.kingstone.com.tw/book/images/product/20180/2018070008343/2018070008343b.jpg,"

一群新世界的天使與小男孩-世界所碰撞出的火花冒險故事
                    
"
海洋法令彙編,https://www.kingstone.com.tw//basic/2015790025490?zone=book&lid=book_class3_iqz&actid=book_class3_iqz,海洋委員會綜合規劃處,海岸巡防署,9789865433635,https://cdn.kingstone.com.tw/book/images/product/20157/2015790025490/2015790025490b.jpg,"

海洋委員會及所屬海巡署、海洋保育署、國家海洋研究院為我國專責海洋事務之機關(構)，依組織職掌負責海洋政策、產業、環境、安全、文化與教育、科研等事項之統合、協調及推動，而法令規定為工作執行之基礎，故在成立初期蒐整、彙編海洋相關法令，以提供各級工作人員一本實用的工具書。
                    
"
日本江戶時代古學派對朱熹《詩》觀之批評,https://www.kingstone.com.tw//basic/2018310194843?zone=book&lid=book_class3_iqz&actid=book_class3_iqz,張文朝,中央研究院,9789865432058,https://cdn.kingstone.com.tw/book/images/product/20183/2018310194843/2018310194843b.jpg,"

本書之重要性在於解決古學派學者在論及《詩經》，特別是朱熹《詩》觀時，如何傳承？如何論述、批評？各學者間的論述異同如何？而此論述對當時或後代有何影響？與中國有無關係等。筆者認為這些都是值得更深入、完整地進行研究。而國內外至今尚未有出版與本書同性質者，本書之出版將有助於國內同好學者了解日本江戶時代古學派學者如何批評朱熹《詩》觀，又提出何種主張。
                    
"
五萬分之一臺灣數值地質圖：大甲（第二版）（光碟）,https://www.kingstone.com.tw//basic/2013560002368?zone=book&lid=book_class3_iqz&actid=book_class3_iqz,經濟部中央地質調查所,經濟部中央,9847108016578,https://cdn.kingstone.com.tw/book/images/product/20135/2013560002368/2013560002368b.jpg,"

五萬千分之一大甲地區之地質圖數值檔
                    
"
下水道工程特有職災分析及改善對策研究,https://www.kingstone.com.tw//basic/2015550052995?zone=book&lid=book_class3_iqz&actid=book_class3_iqz,林楨中、蔡佾志,勞動職安衛,9789865441029,https://cdn.kingstone.com.tw/book/images/product/20155/2015550052995/2015550052995b.jpg,"

由於下水道為地下工程，勞工們常在安全設備不足或個人認知不正確的情形下，於危險環境中辛勞作業，風險極高，經常發生重大職災，根據營造業重大職災的案例資料顯示，下水道工程罹災死亡人數每年平均約3~4人，為防止職災，針對下水道工程分析災害類型、深入探討災害發生原因、推估關鍵因子，以保護勞工生命安全。
                    
"
尋找一株未命名的玫瑰：記憶、白色恐怖與酷刑（精裝）,https://www.kingstone.com.tw//basic/2015790024998?zone=book&lid=book_class3_iqz&actid=book_class3_iqz,吳豪人等,國家人權  ,9789860598353,https://cdn.kingstone.com.tw/book/images/product/20157/2015790024998/2015790024998b.jpg,"

歷史遺址開始，以德國萬湖會議紀念館、柏林東德看守所紀念館與紐倫堡檔案中心借鏡台灣轉型正義工程。第二部分「白色恐怖下的你我他」，則透過4篇文章，講述過去威權時期，人權殘害事件就發生在生活周邊，其中提及1952年的「鹿窟事件」，有6位未滿18歲的孩童被虐待與勞役。最後「揮之不去的夢魘」，透過「酷刑」、「監所勞動」及「不當審訊」等主題，紀錄張常美、蔡金鏗、簡中生、陳武鎮與李瑞漢（已逝）等5位政治受難者前輩及家屬分享的故事與經歷，藉由口述紀錄讓讀者感受前人所經歷的艱辛路途。
                    
"
家事勞工勞動權益保護之研究,https://www.kingstone.com.tw//basic/2015560048728?zone=book&lid=book_class3_iqz&actid=book_class3_iqz,許雲翔、簡慧茹,勞動職安衛,9789860592443,https://cdn.kingstone.com.tw/book/images/product/20155/2015560048728/2015560048728b.jpg,"

本研究整理有關家事勞工勞動權益，並蒐集國勞組織、歐盟、美國、英國、德國及相近東亞國家，包含香港、新加坡、韓國及日本的制度選擇及其修法方向，並佐以焦點座談、說明會及訪談資料，提供我國研擬有關政策的參考。
                    
"
社會對話運作模式及社會夥伴制度建構,https://www.kingstone.com.tw//basic/2015560048858?zone=book&lid=book_class3_iqz&actid=book_class3_iqz,張玉燕、陳旺儀、劉黃麗娟,勞動職安衛,9789860590548,https://cdn.kingstone.com.tw/book/images/product/20155/2015560048858/2015560048858b.jpg,"

本研究先蒐集新加坡、南韓、荷蘭、法國、波蘭，及我國社會對話制度之相關規範與運作實務之文獻進行文獻分析，並進行問卷調查，焦點座談會及深度訪談，釐清我國目前社會對話之現況，分析並評估現行政策之實施成效，並於爬梳文獻及進行質、量化研究後，彙整相關研究結果，俾據以提出社會對話機制之發展機制及各發展階段之目標。
                    
"
勞動情勢前瞻研究先驅計畫,https://www.kingstone.com.tw//basic/2015560048988?zone=book&lid=book_class3_iqz&actid=book_class3_iqz,鐘琳惠、辛炳隆、許聖章、劉念琪,勞動職安衛,9789860591897,https://cdn.kingstone.com.tw/book/images/product/20155/2015560048988/2015560048988b.jpg,"

本研究透過蒐集國內外勞動情勢相關指標，以篩選、分析並建構適合我國運用之勞動市場情勢指標，以觀測臺灣勞動情勢變化，此外，亦根據國內外勞動情勢，探討「非典型就業對勞動者工作環境與身心健康之影響與因應」、「平台經濟興起對我國勞動市場之可能影響與因應」、「科技發展下，我國集體勞資關係可能面臨之挑戰與轉型」、「技術進步對我國就業結構與薪資結構之影響與因應」以及「科技發展對職場性別差異的影響與因應」等重大議題，進行資料蒐集、調查與分析。
                    
"
勞動關係重要影響因素監測分析：以勞動檢查資料庫為例,https://www.kingstone.com.tw//basic/2015560049060?zone=book&lid=book_class3_iqz&actid=book_class3_iqz,陳旺儀、林淑慧、吳新、郭志良,勞動職安衛,9789860595581,https://cdn.kingstone.com.tw/book/images/product/20155/2015560049060/2015560049060b.jpg,"

本研究之目的為掌握我國勞動關係重要影響因素，探索重大勞動議題的重要影響因素分析之關鍵因子，並建立我國勞動檢查資料庫（勞動檢查結果地圖），運用大數據資料分析掌握違反勞動檢查之企業特徵。透過蒐集國內外勞動政策相關數據資料，輔以深度訪談與專家座談，本研究分析各來源資料的特性及關聯性，以研擬我國勞動議題重要影響因素分析藍圖，並進行我國勞動檢查結果地圖雛型之系統建置、功能與管理。本研究發現，所建立之勞動檢查結果地圖，的確能夠辨識重複違反特定勞動檢查內容之企業特徵，舉例來說，高工時和低薪的企業特徵可分為區域特性、產業特性、企業規模、勞動者特性等四個面向，每一個面向包含不同的因素在其中。本研究為運用大數據進行勞動檢查資料分析之初步探討，研究成果將可讓職業安全衛生署或其他政府單位應用於未來勞動檢查重點之擬訂或勞動檢查員之培訓上。
                    
"
我國產假權益保障制度研究,https://www.kingstone.com.tw//basic/2015560049190?zone=book&lid=book_class3_iqz&actid=book_class3_iqz,李政儒,勞動職安衛,9789860591644,https://cdn.kingstone.com.tw/book/images/product/20155/2015560049190/2015560049190b.jpg,"

產假制度攸關勞工權益以及母性保護政策，根據國際文獻資料分析，我國目前產假制度容有討論與調整空間，考量相關勞動條件與國際接軌外，如何落實產假之母性保護，為本研究重要目的。本研究發現，產假制度設計不夠周全以致懷孕歧視案件頻仍，其中產假薪資與人力調配等問題，影響雇主支持產假制度意願，從而，影響勞工的產假權益，是以，擇定歐美國家及鄰近亞洲國家等產假制度探討，並試圖找尋減緩懷孕歧視之方法。如欲解決懷孕歧視之不利益對待，在產假薪資方面，宜轉化為社會保險方式處理，在人力調配方面，可運用就業安全體系協助彌補人力不足，並據問卷調查及焦點座談等研究方法，研提下列具體建議：一、積極推動產假權益保障法制統整工程。二、分階段延長產假週期。三、建構產假薪資公共化制度。四、多胞胎應予以特別保護。五、健全就業安全網彈性調整產假人力需求。六、消弭婦女懷孕歧視之權益保障制度。
                    
"
國際工會聯盟區域合作研究,https://www.kingstone.com.tw//basic/2015560049220?zone=book&lid=book_class3_iqz&actid=book_class3_iqz,李政儒、林大鈞,勞動職安衛,9789860594201,https://cdn.kingstone.com.tw/book/images/product/20155/2015560049220/2015560049220b.jpg,"

國際工會聯盟區域合作研究
                    
"
行政院原子能委員會107年年報,https://www.kingstone.com.tw//basic/2014490010706?zone=book&lid=book_class3_iqz&actid=book_class3_iqz,行政院原子能委員會,原子委員會,9789860591675,https://cdn.kingstone.com.tw/book/images/product/20144/2014490010706/2014490010706b.jpg,"

行政院原子能委員會107年重要工作事項
                    
"
107年地方公職人員選舉暨全國性公民投票第7案至第16案嘉義縣選舉實錄（光碟）,https://www.kingstone.com.tw//basic/2015760033289?zone=book&lid=book_class3_iqz&actid=book_class3_iqz,嘉義縣選舉委員會,嘉義市選委,9789860586329,https://cdn.kingstone.com.tw/book/images/product/20157/2015760033289/2015760033289b.jpg,"

107年地方公職人員選舉暨全國性公民投票第7案至第16案嘉義縣選舉概況
                    
"
在地食材好料理飯包（特刊第136號）,https://www.kingstone.com.tw//basic/2014271446427?zone=book&lid=book_class3_iqz&actid=book_class3_iqz,張惠真 總編輯,台中農改場,9789860573213,https://cdn.kingstone.com.tw/book/images/product/20142/2014271446427/2014271446427b.jpg,"

由本場輔導臺中轄區農會家政班運用在地食材與食育觀念，傳承在地美味與情感，精心設計製作具有當地特色、文化或記憶中的味道之飯包。
                    
"
宗教哲救論―後期田哲研究,https://www.kingstone.com.tw//basic/2013510022552?zone=book&lid=book_class3_iqz&actid=book_class3_iqz,廖欽彬,台大出版中,9789863503149,https://cdn.kingstone.com.tw/book/images/product/20135/2013510022552/2013510022552b.jpg,"

本書主要以宗教哲學的觀點，來探討京都學派哲學家田邊元的中、後期思想。作者以異於舊有的觀點，來研究田邊宗教哲學的發展，並試圖突顯出異於西方宗教哲學類型的近代日本宗教哲學。本書在探討被稱為田邊哲學的「種的邏輯」體系中的哲學與宗教，即合理性與非合理性的對立統一結構（絕對媒介的辯證法結構）後，檢視「種的邏輯」的崩壞過程，接著究明戰後被重新建構的、從懺悔道哲學、基督教的辯證到「死的哲學」這一代表後期田邊哲學面貌的宗教哲學構造，並對該哲學在現實世界的實踐可能性提出質疑。在此論證過程中，作者闡明了日本中世宗教家道元與親鸞的宗教思想，經由田邊的現代哲學解釋，具有絕對媒介辯證法的結構，形成近代日本的宗教哲學面貌。作者最後以台灣這一異文化觀點，論究了台灣日治時期哲學家洪耀勳有關「實存」概念的哲學思考，並從跨文化的視野和田邊哲學進行了比較。本書は京都学派の哲学者・田辺元の中、後期思想を、宗教哲学の観点から探究したものである。作者は、従来とは異なる視点で、田辺の宗教哲学の展開を論究し、西洋における宗教哲学の類型に異色を示す近代日本の宗教哲学を浮き彫りにしようとした。本書は、田辺哲学と称される「種の論理」体系にある哲学と宗教との、すなわち合理的なものと非合理的なものとの対立的統一の構造を示す絶対媒介の弁証法を検証し、その論理的な破綻の過程を追いつつ、戦後新たに構築された懺悔道哲学から、キリスト教の弁証へ、そして「死の哲学」に至るまでの、後期田辺哲学の真骨頂を表す宗教哲学の構造を究明し、その現実世界における実践可能性を問うた。その中で、中世日本の宗教家・道元と親鸞の宗教思想を近代哲学の立場から解釈し、絶対媒介の弁証法を内実とする近代日本の宗教哲学の構築に成功した田辺哲学の真髄を解明した。最後に台湾という異文化の観点から、台湾植民地時代の哲学者・洪耀勲の「実存」概念をめぐる哲学的思索を論究しつつ、間文化的視点から田辺哲学との比較を試みた。
                    
"
Leading Cases of the Taiwan Constitutional Court  Volume One,https://www.kingstone.com.tw//basic/2015215865502?zone=book&lid=book_class3_iqz&actid=book_class3_iqz,Judicial Yuan 編輯,司法院    ,9789860566734,https://cdn.kingstone.com.tw/book/images/product/20152/2015215865502/2015215865502b.jpg,"

司法院指標解釋英譯Leading Cases of the Constitutional Court
                    
"
2017 Annual Report of Directorate General of Highways， MOTC（附光碟）,https://www.kingstone.com.tw//basic/2014400144194?zone=book&lid=book_class3_iqz&actid=book_class3_iqz,林福山,公路總局  ,9789860563887,https://cdn.kingstone.com.tw/book/images/product/20144/2014400144194/2014400144194b.jpg,"

藉由各篇專題介紹，使外界對本局106年度的施政成果及各項作為有更完整的瞭解與認識。
                    
"
Birana i Wala Growing up in Langalanga（精裝）,https://www.kingstone.com.tw//basic/2015215820464?zone=book&lid=book_class3_iqz&actid=book_class3_iqz,Silas Waletofe,中央研究院,9789860559620,https://cdn.kingstone.com.tw/book/images/product/20152/2015215820464/2015215820464b.jpg,"

本書是由Wala的文化工作者集體創作而成，記錄當地的風土人情以及傳統，以讓後來的世代得以認識自己的文化，因此本書各章節是以宗教、政治、經濟與社會組織等方面，集合眾人的知識而成。
                    
"
作物友善耕作病蟲害管理（技術專刊第197期）,https://www.kingstone.com.tw//basic/2014330005817?zone=book&lid=book_class3_iqz&actid=book_class3_iqz,廖君達、白桂芳 編,台中農改場,9789860562019,https://cdn.kingstone.com.tw/book/images/product/20143/2014330005817/2014330005817b.jpg,"

慣行農業生產對生態環境、資源的掠奪與破壞，人類正承受它的反噬與苦果。近年來，友善環境耕作的意識抬頭，如何跳脫傳統農藥的使用，選擇對環境友善的病蟲害防治技術，降低病蟲危害至可接受的程度，是當前政府重要的施政方向。專刊內容涵蓋透過耕作調整及肥培管理來營造不適合病蟲害發生的農田環境、應用生態工法來建構農田生物的多樣性以營造作物害蟲天敵的棲地、抗病蟲作物品種的選育、害蟲天敵的釋放、害蟲性費洛蒙的防治應用、微生物製劑及天然植物保護資材的應用等對環境友善的操作方式。期能提供農民實作的病蟲害管理技術，以降低對農業生態環境的影響層面，恢復農田的生物多樣性。
                    
"
左腦X右腦 ：許自貴的混世哲學（精裝）,https://www.kingstone.com.tw//basic/2019020029814?zone=book&lid=book_class3_iqz&actid=book_class3_iqz,羅潔尹 專書編輯,雄市美術館,9789860563986,https://cdn.kingstone.com.tw/book/images/product/20190/2019020029814/2019020029814b.jpg,"

本書採輕鬆、詼諧的方式進行書寫，以台灣重要的當代藝術家許自貴之創作自述為基，進行故事性的編撰，並透過同名展覽的研究過程，集結其45年(1973到2018年)來的各階段系列，向讀者鄭重介紹這位資深藝術家畢生的創意精華。
                    
"
那些我所畫過的線（精裝）,https://www.kingstone.com.tw//basic/2019600063108?zone=book&lid=book_class3_iqz&actid=book_class3_iqz,國立屏東大學視覺藝術學系107,屏東大學  ,9789860560923,https://cdn.kingstone.com.tw/book/images/product/20196/2019600063108/2019600063108b.jpg,"

國立屏東大學視覺藝術系107級學生畢業製作作品畫冊集。
                    
"
2015台灣主題地圖集（精裝）,https://www.kingstone.com.tw//basic/2017330218997?zone=book&lid=book_class3_iqz&actid=book_class3_iqz,吳信政,師範大學  ,9789860559088,https://cdn.kingstone.com.tw/book/images/product/20173/2017330218997/2017330218997b.jpg,"

為台灣地理環境、社會安全、經濟產業、教育文化、遊憩、醫療衛生、環境保護、生活宗教等議題的主題式地圖集。
                    
"
詭道：兵法始計（精裝）,https://www.kingstone.com.tw//basic/2015920130520?zone=book&lid=book_class3_iqz&actid=book_class3_iqz,巴頓．威利,史政編譯室,9789860560282,https://cdn.kingstone.com.tw/book/images/product/20159/2015920130520/2015920130520b.jpg,"

學習戰時欺敵的康莊大道上向來佈滿了重重障礙。人們大多假設這是個漸進式的學習過程，是作戰經驗、參謀研究所得之經驗教訓、歷史案例學術分析、師徒傳承，以及作戰實務經驗的累積。換言之，一般認為軍事欺敵之道係透過一長串的理論與實踐緩慢且穩定地提升，不過實際情況卻大不相同。
                    
"
地方X他方：身土不二 當代藝術展專輯,https://www.kingstone.com.tw//basic/2019030008236?zone=book&lid=book_class3_iqz&actid=book_class3_iqz,屏東縣政府,屏東縣政府,9789860559293,https://cdn.kingstone.com.tw/book/images/product/20190/2019030008236/2019030008236b.jpg,"

「地方X他方」身土不二：當代藝術展專輯
                    
"
OTT TV的創新服務、經營模式與政策法規,https://www.kingstone.com.tw//basic/2015570079729?zone=book&lid=book_class3_iqz&actid=book_class3_iqz,江亦瑄,五南      ,9789571191782,https://cdn.kingstone.com.tw/book/images/product/20155/2015570079729/2015570079729b.jpg,"


	本書由十位國內傳播界的產官學者合著而成，內容主要針對OTT TV的創新服務、經營模式與政策法規加以分析。首先概論OTT TV的定義、發展現況，其次探討國內外OTT TV對既有媒體帶來的影響，並聚焦於國內外影音使用最新趨勢，同時分別深度剖析美國、英國、韓國、日本、中國大陸與台灣各具特色的市場經營模式與政策法規，最後以OTT TV之監理與境外侵權網站管制作為結尾，並提出未來之發展模式。希冀將國際觀察與國內發展現狀加以對照，可作為我國OTT TV產業發展及政策擬定之借鏡。

"
實驗研究法與共變數分析,https://www.kingstone.com.tw//basic/2015110011257?zone=book&lid=book_class3_iqz&actid=book_class3_iqz,金堂,五南      ,9789571191386,https://cdn.kingstone.com.tw/book/images/product/20151/2015110011257/2015110011257b.jpg,"


	實驗研究是較能確定變項因果關係的研究方法，針對實驗研究資料的統計方式，大多數的統計書籍，會建議採用「共變數分析」（Analysis of Covariance [ANCOVA]）。許多研究生或研究人員因不熟悉共變數分析的基本概念，而不敢採用共變數分析處理實驗研究的資料。本書旨在說明實驗研究法與共變數分析的關聯性，解析共變數分析的基本概念，並介紹SPSS與「EZ_ANCOVA」的EXCEL統計軟體的操作與報表解讀，協助讀者能順利以共變數分析，進行實驗資料的統計分析工作。

本書特色

	‧解說實驗研究與共變數分析的關聯性。協助實驗研究的研究人員，採用共變數分析進行實驗資料分析，以獲得更精準的統計結果。

	‧介紹如何使用SPSS與「EZ_ANCOVA」的EXCEL統計軟體，並透過統計軟體的操作步驟與報表解讀，讓讀者學會進行共變數分析。

	‧針對令人困擾的「詹森－內曼法」（Johnson-Neyman procedure），除了介紹基本原理。並引導讀者使用SPSS與「EZ_ANCOVA」的EXCEL統計軟體，進行統計分析。

	本書資料檔，請至本公司網站www.wunan.com.tw
	輸入書號1H0H，即可找到下載處。

"
工業安全與緊急應變概論,https://www.kingstone.com.tw//basic/2015550042248?zone=book&lid=book_class3_iqz&actid=book_class3_iqz,蔡嘉一,五南      ,9789571182810,https://cdn.kingstone.com.tw/book/images/product/20155/2015550042248/2015550042248b.jpg,"


	為數眾多的化學物充斥於市場內，其種類日新月異、五花八門，往往令人摸不著頭緒，儘管大部分的化學物皆有自身的用處，但同時也具有潛在危害性，因此做好這些化學物的管理，以及重視管理人才之培育更顯急迫。

	近年來六輕火災、高雄氣爆、八仙樂園爆燃，以及近期的維冠大樓震災等災難，造成重大社會成本和悲劇，不僅顯露工業安全之重要，更揭露了台灣對於環境及工安問題的準備與理解之不足。期望藉由本書能提升讀者對於工業安全的理解，並能將緊急應變概念靈活運用，創造安全、和諧的工業環境。

"
釋放年輕的力量,https://www.kingstone.com.tw//basic/2015270039399?zone=book&lid=book_class3_iqz&actid=book_class3_iqz,林德輝總編輯,屏東縣政府,9789860504538,https://cdn.kingstone.com.tw/book/images/product/20152/2015270039399/2015270039399b.jpg,"

藉由採訪本縣暑期工讀進用之工讀生及圓夢計畫，深入了解其參與工讀工作現況及圓夢之成果，撰寫30則故事集結出版。By interviewing the students who joined the summer part time jobs organized by the Pingtung county government, to see why did they join in and what did they do? Writing down 30 stories and published.
                    
"
中餐烹調Ⅰ（附實習手冊、習作簿）,https://www.kingstone.com.tw//basic/2015215101655?zone=book&lid=book_class3_iqz&actid=book_class3_iqz,呂哲維、陳楨婷,全華      ,9789864632831,https://cdn.kingstone.com.tw/book/images/product/20152/2015215101655/2015215101655b.jpg,"


	中餐烹調的範疇博大精深、包羅萬象，透過一至四冊的學習，讓你習得中餐的技與藝、培養中餐的美與境。本冊「中餐烹調 」共五章：
	第一章探索中餐烹調的起源開始，說明中餐烹調的意涵與發展；第二章說明廚房人員、廚房設備、烹調器具與廚房的衛生安全；第三章說明全穀雜糧、蔬菜水果、家禽家畜、海鮮、蛋乳、乾貨與加工食品之食材，並示範前處理的步驟與方法；第四章說明調味料與辛香料；第五章說明刀工技法，並示範各種刀工技法的實務操作流程與運用菜餚。
	透過本冊的內容學習，希望你能具備中餐烹調的基本知能，並打穩基礎的刀工實務能力、培養烹調基本技能、拓展烹調專業視野，具備成為一位優質中餐廚藝人員的條件。

"
翻譯研究,https://www.kingstone.com.tw//basic/2018110078978?zone=book&lid=book_class3_iqz&actid=book_class3_iqz,蘇珊．巴斯奈特,五南      ,9789571185842,https://cdn.kingstone.com.tw/book/images/product/20181/2018110078978/2018110078978b.jpg,"


本書涵蓋了「翻譯」這個重要人類文化活動的各個層面。從重要議題、翻譯簡史、個案討論，內容深入淺出，以簡御繁，兼具知識與啟發。其中又對文學翻譯有更深入的個案研究，涵蓋詩歌、散文、戲劇三大文類。可謂以最少的篇幅，談最多的內容；是認識「翻譯」這個關鍵且重要的人類活動的終極教材；對於想進一步發展以翻譯為主題的學術生涯的學生，本書亦是最有用的入門書。

"
論文的研究、統計與測驗方法,https://www.kingstone.com.tw//basic/2015010009972?zone=book&lid=book_class3_iqz&actid=book_class3_iqz,王俊明,師大書苑  ,9789574967810,https://cdn.kingstone.com.tw/book/images/product/20150/2015010009972/2015010009972b.jpg,"


	本書內容有研究法的文章10篇，統計的文章有8篇，測驗的文章2篇，共計20篇。在進行學位論文時，除了要懂得研究法外，在做量的分析時，更要了解各項統計方法的應用。但何種統計法要運用到何種情境，就缺乏清楚的概念。所以在本書裡就提供一些統計方法應用的時機，或是在某種特殊情況時，要如何進行統計分析，這些統計的文章都是有助於研究生正確的進行資料處理。最後是有關問卷和量表編製的問題，在社會科學的領域裡，量的分析難免會用到一些量表或問卷，但要如何編製一份具有效度及信度的量表，這是研究生必須了解的基本功。

"
南管樂語與曲唱理論建構[二版],https://www.kingstone.com.tw//basic/2019190006424?zone=book&lid=book_class3_iqz&actid=book_class3_iqz,林珀姬,北藝大    ,9789860435900,https://cdn.kingstone.com.tw/book/images/product/20191/2019190006424/2019190006424b.jpg,"

南管音樂（中國大陸稱「南音」）為世界非物質文化遺產之一，有悠久古老的曲唱傳統，南管音樂文化圈中，有自形體系的樂語使用，隨著老樂人的凋零，許多樂語亦逐漸消失中。本書作者藉由南管音樂唱奏與教學經驗出發，透過傳統音樂文獻的探討，結合多年田野調查與訪談尋找歷代傳統音樂理論在南管音樂中的遺存，寫作《南管樂語與曲唱理論建構》一書，藉以建構南管曲唱的理論系統，並錄製「《南管樂語與曲唱理論建構》有聲資料」（3CD＋1曲譜），做為未來學子學習南管音樂的依據與參考。

"
藝乘三部曲：覺性如何圓滿？,https://www.kingstone.com.tw//basic/2019800017369?zone=book&lid=book_class3_iqz&actid=book_class3_iqz,鍾明德,北藝大    ,9789860381542,https://cdn.kingstone.com.tw/book/images/product/20198/2019800017369/2019800017369b.jpg,"


 在這裡，表演者 (Performer) 就是行者，行動中人，修行人，譬如教士、戰士或智者。葛羅托斯基的〈表演者〉這篇宣言，乃至整個「藝乘」，其宗旨可以古儒橫渠先生的四句真言來覆頌︰ 一、為天地立心︰這個心就是「覺性」，六祖慧能說的「自性」，《奧義書》上說的「旁觀的鳥」，亦即藏密或多瑪斯福音所傳的「動即靜」。 二、為生民立命︰命就是「過程」，從不知不覺地活著──其特徵即自以為是「醒著」──到中夜覺寤的過程。你的行住坐臥不要違背這個「過程」，有一天就會真的醒過來。 三、為往聖繼絕學︰對葛氏而言，往聖就是史坦尼斯拉夫斯基、拉曼拿尊者、孟買大君、愛克哈特等等。他們都在自己的時空場域宣說︰醒來。然而，道成之後也多成了絕學。 四、為萬世開太平︰什麼萬世？什麼太平？啊，當下（「覺性」）即是，你就是 (That Thou Art)！ 當然，《藝乘三部曲︰覺性如何圓滿？》這本小書不是為古人加註，而是以藝乘核心的「身體行動方法」 (Method of Physical Actions) 來劍及履及，教現實成為理想，理念化作實相。

"
促參案件營運績效評估機制建構委託專業服務案成果報告附光碟],https://www.kingstone.com.tw//basic/2015360065888?zone=book&lid=book_class3_iqz&actid=book_class3_iqz,行政院公共工程委員會,行政院公共,9789860345797,https://cdn.kingstone.com.tw/book/images/product/20153/2015360065888/2015360065888b.jpg,"

目前國內大多數促參案件使用的營運績效評估指標明確性不足及計分方式客觀性不夠，常因評估委員個人主觀意見造成評估結果的不一致性及偏差性，而影響年度營運績效評估的公正性；因此，本計畫的主要目的就是參考6個促參個案(台北交九用地轉運站、公務人力發展中心福華國際文教會館、台南市勞工育樂中心、台北市大安運動中心、嘉義市先期交通轉運中心、國立傳統藝術中心園區)建立一套較具客觀性、公正性、一致性及健全性的營運績效評估指標及機制，藉以有效督導促參案件營運業者提昇公共服務品質及營運效能；同時強化促參案件主辦機關與民間業者對於營運績效評估成果的和諧性及共識性。
                    
"
2012臺灣國際生物科技大展農業科技主題館成果專刊,https://www.kingstone.com.tw//basic/2015360065598?zone=book&lid=book_class3_iqz&actid=book_class3_iqz,行政院農業委員會,行政院新聞,9789860340389,https://cdn.kingstone.com.tw/book/images/product/20153/2015360065598/2015360065598b.jpg,"

《2012臺灣國際生物科技大展農業科技主題館成果專刊》內容為行政院農業委員會所屬機關單位之新進研發成果。
                    
"
儀禮注疏詳校：外三種,https://www.kingstone.com.tw//basic/2015360066250?zone=book&lid=book_class3_iqz&actid=book_class3_iqz,盧文弨,中央研究院,9789860338652,https://cdn.kingstone.com.tw/book/images/product/20153/2015360066250/2015360066250b.jpg,"

盧文弨（一七一七－一七九六），祖籍浙江餘姚，明代遷居於仁和（今杭州）。盧氏乃清代乾嘉時期的著名學者，在校勘學、訓詁學等領域取得了傑出成就，著述宏富，主要包括《抱經堂文集》、《鍾山札記》、《龍城札記》、《讀史札記》、《經籍考》、《群書拾補》、《經典釋文考證》、《儀禮注疏詳校》、《重校方言》等，具有很高的學術價值。盧文弨的大部分著述，收入他本人編纂的以校勘精善、質量上乘而著稱的《抱經堂叢書》。本書包括盧氏的重要著作三種，其中《儀禮注疏詳校》乃本書之主體，同時考慮到盧氏的代表性學術筆記《鍾山札記》、《龍城札記》和《讀史札記》（附《論學劄説》十則）價值甚高，内有不少條目與經學相關，故附於《儀禮注疏詳校》之後。本次整理點校，《儀禮注疏詳校》、《鍾山札記》和《龍城札記》以上海古籍出版社《續修四庫全書》影印清乾隆嘉慶間刻《抱經堂叢書》本爲底本；《讀史札記》（附《論學劄説》十則）則以《續修四庫全書》影印清光緒間貴池劉氏刻《聚學軒叢書》本爲底本。
                    
"
瓦歷斯。諾幹2012：自由寫作的年代,https://www.kingstone.com.tw//basic/2018310166666?zone=book&lid=book_class3_iqz&actid=book_class3_iqz,行政院原住民族委員會,原民委員會,9789860338492,https://cdn.kingstone.com.tw/book/images/product/20183/2018310166666/2018310166666b.jpg,"

詩人瓦歷斯．諾幹說：「人人都可以寫詩。」2012年 ，他以極簡的形式，現代詩的語法，自創「二行詩」，除了出版二行詩詩集，他也在自己的學校教學生寫出極優的二行詩，並巡迴臺灣各國小、國中、高中、社區學習中心，教大家寫出精彩的兩行詩。在極短的演講時間內，瓦歷斯神奇地激發大家的想像力，讓多數聽眾都能在課後寫出極漂亮的二行詩作品。他推行的「二行詩運動」在自己的網站上也獲得很大迴響，這本書便是記錄瓦歷斯巡迴全臺演講的心得、自己的文學創作與閱讀心得，最重要的是他所收到來自全國各地的新手詩人優秀詩作！瓦歷斯認為這是一本與大家的共同創作，希望藉著出版，與所有創作者共享，並激勵更多民眾提起筆來，寫下自己的兩行詩。收錄一：詩人瓦歷斯與詩人向陽的對談記實，兩位詩人就現代詩創作、文學教育、部落發展…等精彩交鋒。收錄二：瓦歷斯老師二行詩教學現場實況記錄，可以看到瓦歷斯充滿想像力與爆發力的生動教學，想學兩行詩的朋友定可從中獲得豐沛啟發！收錄三：各地新手詩人的優秀詩作。 收錄四：向陽<明鑑--詠日月潭>親筆手抄詩稿。
                    
"
圖解食品加工學與實務,https://www.kingstone.com.tw//basic/2014630050364?zone=book&lid=book_class3_iqz&actid=book_class3_iqz,李錦楓、李明清、張哲朗、顏,五南      ,9789571187853,https://cdn.kingstone.com.tw/book/images/product/20146/2014630050364/2014630050364b.jpg,"


●輕鬆理解食品加工的發展與相關理論
●以簡潔扼要的方式，清楚說明、重點整理
●配合圖表輔助，加深學習記憶

	本書由食品科技界耕耘多年的李錦楓教授，號召學界以及食品界有豐富實務經驗的學者及專家19人共同執筆，傳承作者的食品加工實務經驗，期望讓初次接觸的讀者藉由此書學習食品加工學能有事半功倍的效果。

	書中特別列入在食品加工上，必要的共通單元操作，是為了讓學習者透過共通技術的學習，具備基礎的能力。而在技術層面，則把最近食品加工上一些使用的新技術作簡要的介紹。本書是一本兼具理論與實務的參考書籍。

"
決勝新興市場 解析致勝關鍵系列套書（全套共8冊）,https://www.kingstone.com.tw//basic/2014840040803?zone=book&lid=book_class3_iqz&actid=book_class3_iqz,財團法人商業發展研究院,前程文化  ,9789860451214,https://cdn.kingstone.com.tw/book/images/product/20148/2014840040803/2014840040803b.jpg,"

★本書為專業用書，無法提供教師贈書，敬請見諒★系列一　剖析新興市場，贏在競合共創商機系列二　攻心為上，解析新興市場消費脈動系列三　健身休閒新浪潮，印尼成長潛力無窮系列四　一觸即發，啟動印度車載娛樂電子商機系列五　全球新引擎，進入越南智慧手持市場的關鍵時刻系列六　嚮往優質生活，驅動越南民生食品飲料消費系列七　食品飲料消費崛起，你不容錯過的菲律賓商機系列八　中產需求旺盛，啟動菲律賓家居生活新視野
                    
"
決勝新興市場 解析致勝關鍵系列一：剖析新興市場，贏在競合共創商機,https://www.kingstone.com.tw//basic/2014960365480?zone=book&lid=book_class3_iqz&actid=book_class3_iqz,財團法人商業發展研究院,前程文化  ,9789860451252,https://cdn.kingstone.com.tw/book/images/product/20149/2014960365480/2014960365480b.jpg,"


	隨著經濟起飛，新興國家已從世界工廠搖身為世界市場，當地中產階級對價格敏感，又要求高品質，MIT優質平價商品大有可為。鑑於新興市場情報取得不易、通路結構與資訊封閉，財團法人商業發展研究院鎖定中國大陸、印度、印尼、越南及菲律賓，針對目標市場消費需求進行深度調查，除了從產業研究、消費者市調、專家訪談的部份著手之外，今年更特別針對當地通路進行深入研究，期待我國企業能夠藉由本書，成功、順利前進新興市場。

"
決勝新興市場 解析致勝關鍵系列二：攻心為上，解析新興市場消費脈動,https://www.kingstone.com.tw//basic/2014960365510?zone=book&lid=book_class3_iqz&actid=book_class3_iqz,財團法人商業發展研究院,前程文化  ,9789860451269,https://cdn.kingstone.com.tw/book/images/product/20149/2014960365510/2014960365510b.jpg,"


	隨著經濟起飛，新興國家已從世界工廠搖身為世界市場，當地中產階級對價格敏感，又要求高品質，MIT優質平價商品大有可為。鑑於新興市場情報取得不易、通路結構與資訊封閉，財團法人商業發展研究院鎖定中國大陸、印度、印尼、越南及菲律賓，針對目標市場消費需求進行深度調查，除了從產業研究、消費者市調、專家訪談的部份著手之外，今年更特別針對當地通路進行深入研究，期待我國企業能夠藉由本書，成功、順利前進新興市場。

"
決勝新興市場 解析致勝關鍵系列三：健身休閒新浪潮，印尼成長潛力無窮,https://www.kingstone.com.tw//basic/2014960365640?zone=book&lid=book_class3_iqz&actid=book_class3_iqz,財團法人商業發展研究院,前程文化  ,9789860451276,https://cdn.kingstone.com.tw/book/images/product/20149/2014960365640/2014960365640b.jpg,"


	隨著經濟起飛，新興國家已從世界工廠搖身為世界市場，當地中產階級對價格敏感，又要求高品質，MIT優質平價商品大有可為。鑑於新興市場情報取得不易、通路結構與資訊封閉，財團法人商業發展研究院鎖定中國大陸、印度、印尼、越南及菲律賓，針對目標市場消費需求進行深度調查，除了從產業研究、消費者市調、專家訪談的部份著手之外，今年更特別針對當地通路進行深入研究，期待我國企業能夠藉由本書，成功、順利前進新興市場。

"
決勝新興市場 解析致勝關鍵系列四：一觸即發，啟動印度車載娛樂電子商機,https://www.kingstone.com.tw//basic/2014960365770?zone=book&lid=book_class3_iqz&actid=book_class3_iqz,財團法人商業發展研究院,前程文化  ,9789860451290,https://cdn.kingstone.com.tw/book/images/product/20149/2014960365770/2014960365770b.jpg,"


	隨著經濟起飛，新興國家已從世界工廠搖身為世界市場，當地中產階級對價格敏感，又要求高品質，MIT優質平價商品大有可為。鑑於新興市場情報取得不易、通路結構與資訊封閉，財團法人商業發展研究院鎖定中國大陸、印度、印尼、越南及菲律賓，針對目標市場消費需求進行深度調查，除了從產業研究、消費者市調、專家訪談的部份著手之外，今年更特別針對當地通路進行深入研究，期待我國企業能夠藉由本書，成功、順利前進新興市場。

"
決勝新興市場 解析致勝關鍵系列五：全球新引擎，進入越南智慧手持市場的關鍵時刻,https://www.kingstone.com.tw//basic/2014960365800?zone=book&lid=book_class3_iqz&actid=book_class3_iqz,財團法人商業發展研究院,前程文化  ,9789860451283,https://cdn.kingstone.com.tw/book/images/product/20149/2014960365800/2014960365800b.jpg,"


	隨著經濟起飛，新興國家已從世界工廠搖身為世界市場，當地中產階級對價格敏感，又要求高品質，MIT優質平價商品大有可為。鑑於新興市場情報取得不易、通路結構與資訊封閉，財團法人商業發展研究院鎖定中國大陸、印度、印尼、越南及菲律賓，針對目標市場消費需求進行深度調查，除了從產業研究、消費者市調、專家訪談的部份著手之外，今年更特別針對當地通路進行深入研究，期待我國企業能夠藉由本書，成功、順利前進新興市場。

"
決勝新興市場 解析致勝關鍵系列六：嚮往優質生活，驅動越南民生食品飲料消費,https://www.kingstone.com.tw//basic/2014960365930?zone=book&lid=book_class3_iqz&actid=book_class3_iqz,財團法人商業發展研究院,前程文化  ,9789860451306,https://cdn.kingstone.com.tw/book/images/product/20149/2014960365930/2014960365930b.jpg,"


	隨著經濟起飛，新興國家已從世界工廠搖身為世界市場，當地中產階級對價格敏感，又要求高品質，MIT優質平價商品大有可為。鑑於新興市場情報取得不易、通路結構與資訊封閉，財團法人商業發展研究院鎖定中國大陸、印度、印尼、越南及菲律賓，針對目標市場消費需求進行深度調查，除了從產業研究、消費者市調、專家訪談的部份著手之外，今年更特別針對當地通路進行深入研究，期待我國企業能夠藉由本書，成功、順利前進新興市場。

"
決勝新興市場 解析致勝關鍵系列七：食品飲料消費崛起，你不容錯過的菲律賓商機,https://www.kingstone.com.tw//basic/2014960366012?zone=book&lid=book_class3_iqz&actid=book_class3_iqz,財團法人商業發展研究院,前程文化  ,9789860451313,https://cdn.kingstone.com.tw/book/images/product/20149/2014960366012/2014960366012b.jpg,"


	隨著經濟起飛，新興國家已從世界工廠搖身為世界市場，當地中產階級對價格敏感，又要求高品質，MIT優質平價商品大有可為。鑑於新興市場情報取得不易、通路結構與資訊封閉，財團法人商業發展研究院鎖定中國大陸、印度、印尼、越南及菲律賓，針對目標市場消費需求進行深度調查，除了從產業研究、消費者市調、專家訪談的部份著手之外，今年更特別針對當地通路進行深入研究，期待我國企業能夠藉由本書，成功、順利前進新興市場。

"
決勝新興市場 解析致勝關鍵系列八：中瓷D搢D旺盛，啟動菲律賓家居生活新視野,https://www.kingstone.com.tw//basic/2014960366142?zone=book&lid=book_class3_iqz&actid=book_class3_iqz,財團法人商業發展研究院,前程文化  ,9789860451320,https://cdn.kingstone.com.tw/book/images/product/20149/2014960366142/2014960366142b.jpg,"


	隨著經濟起飛，新興國家已從世界工廠搖身為世界市場，當地中產階級對價格敏感，又要求高品質，MIT優質平價商品大有可為。鑑於新興市場情報取得不易、通路結構與資訊封閉，財團法人商業發展研究院鎖定中國大陸、印度、印尼、越南及菲律賓，針對目標市場消費需求進行深度調查，除了從產業研究、消費者市調、專家訪談的部份著手之外，今年更特別針對當地通路進行深入研究，期待我國企業能夠藉由本書，成功、順利前進新興市場。

"
布局新興市場系列十一：吃得快！吃得好玩！菲律賓休閒零食攻佔舌尖！,https://www.kingstone.com.tw//basic/2014810011710?zone=book&lid=book_class3_iqz&actid=book_class3_iqz,財團法人商業發展研究院,前程文化  ,9789860413069,https://cdn.kingstone.com.tw/book/images/product/20148/2014810011710/2014810011710b.jpg,"


	隨著經濟起飛，新興國家已從世界工廠搖身為世界市場，當地中產階級具有價格敏感及對產品品質要求等特性，此一契機我商MIT優質平價商品將大有可為。鑑於新興市場情報取得不易、通路結構與資訊封閉，財團法人商業發展研究院鎖定中國大陸、印度、印尼、越南及菲律賓，針對目標市場消費需求進行深度調查，除了從市場分析（總體環境、競爭廠商、市場特性）、消費者分析（產品偏好研究、價值觀、未滿足需求、行為等）及新興市場專家訪談著手之外，今年更特別針對當地通路結構進行解析，包含經銷代理模式、商品流通結構成本進行深入研究，期待我國企業能夠藉由本書，成功、順利前進新興市場。

"
布局新興市場系列套書（全套共12冊）,https://www.kingstone.com.tw//basic/2014840040773?zone=book&lid=book_class3_iqz&actid=book_class3_iqz,財團法人商業發展研究院,前程文化  ,9789860413083,https://cdn.kingstone.com.tw/book/images/product/20148/2014840040773/2014840040773b.jpg,"

★本書為專業用書，無法提供教師贈書，敬請見諒★系列一　新興市場不神祕！？優平商機解密暨六組掏金密碼(個案集)系列二　迎向新需求，插旗新市場：優質平價商機拓銷攻略系列三　讓消費者愛上你！中國大陸五大潛力城市消費洞察及我國競爭優勢系列四　我穿故我在！印尼年輕新時尚系列五　創造美實力！印尼年輕世代的健美商機系列六　數位浪潮席捲文明古國，印度中產階級的娛樂體驗商機系列七　追求身心之美的印度人！一窺中產階級家庭商機系列八　迎接銀髮新生活！印度安養保健市場崛起系列九　從裡到外，留住青春與健康！越南白領市場夯保養系列十　撒錢愛美不手軟！越南白領階級醫學美容面面觀系列十一　吃得快！吃得好玩！菲律賓休閒零食攻佔舌尖！系列十二　微小之處現個性！菲律賓個性經濟學，必讀！本書特色隨著經濟起飛，新興國家已從世界工廠搖身為世界市場，當地中產階級具有價格敏感及對產品品質要求等特性，此一契機我商MIT優質平價商品將大有可為。鑑於新興市場情報取得不易、通路結構與資訊封閉，財團法人商業發展研究院鎖定中國大陸、印度、印尼、越南及菲律賓，針對目標市場消費需求進行深度調查，除了從市場分析（總體環境、競爭廠商、市場特性）、消費者分析（產品偏好研究、價值觀、未滿足需求、行為等）及新興市場專家訪談著手之外，今年更特別針對當地通路結構進行解析，包含經銷代理模式、商品流通結構成本進行深入研究，期待我國企業能夠藉由本書，成功、順利前進新興市場。
                    
"
布局新興市場系列六：數位浪潮席捲文明古國，印度中產階級的娛樂體驗商機,https://www.kingstone.com.tw//basic/2014840040933?zone=book&lid=book_class3_iqz&actid=book_class3_iqz,財團法人商業發展研究院,前程文化  ,9789860413014,https://cdn.kingstone.com.tw/book/images/product/20148/2014840040933/2014840040933b.jpg,"


	隨著經濟起飛，新興國家已從世界工廠搖身為世界市場，當地中產階級具有價格敏感及對產品品質要求等特性，此一契機我商MIT優質平價商品將大有可為。鑑於新興市場情報取得不易、通路結構與資訊封閉，財團法人商業發展研究院鎖定中國大陸、印度、印尼、越南及菲律賓，針對目標市場消費需求進行深度調查，除了從市場分析（總體環境、競爭廠商、市場特性）、消費者分析（產品偏好研究、價值觀、未滿足需求、行為等）及新興市場專家訪談著手之外，今年更特別針對當地通路結構進行解析，包含經銷代理模式、商品流通結構成本進行深入研究，期待我國企業能夠藉由本書，成功、順利前進新興市場。

"
布局新興市場系列七：追求身心之美的印度人！一窺中產階級家庭商機,https://www.kingstone.com.tw//basic/2014840041015?zone=book&lid=book_class3_iqz&actid=book_class3_iqz,財團法人商業發展研究院,前程文化  ,9789860413021,https://cdn.kingstone.com.tw/book/images/product/20148/2014840041015/2014840041015b.jpg,"


	隨著經濟起飛，新興國家已從世界工廠搖身為世界市場，當地中產階級具有價格敏感及對產品品質要求等特性，此一契機我商MIT優質平價商品將大有可為。鑑於新興市場情報取得不易、通路結構與資訊封閉，財團法人商業發展研究院鎖定中國大陸、印度、印尼、越南及菲律賓，針對目標市場消費需求進行深度調查，除了從市場分析（總體環境、競爭廠商、市場特性）、消費者分析（產品偏好研究、價值觀、未滿足需求、行為等）及新興市場專家訪談著手之外，今年更特別針對當地通路結構進行解析，包含經銷代理模式、商品流通結構成本進行深入研究，期待我國企業能夠藉由本書，成功、順利前進新興市場。

"
布局新興市場系列四：我穿故我在！印尼年輕新時尚,https://www.kingstone.com.tw//basic/2014880004575?zone=book&lid=book_class3_iqz&actid=book_class3_iqz,財團法人商業發展研究院,前程文化  ,9789860412994,https://cdn.kingstone.com.tw/book/images/product/20148/2014880004575/2014880004575b.jpg,"


	隨著經濟起飛，新興國家已從世界工廠搖身為世界市場，當地中產階級具有價格敏感及對產品品質要求等特性，此一契機我商MIT優質平價商品將大有可為。鑑於新興市場情報取得不易、通路結構與資訊封閉，財團法人商業發展研究院鎖定中國大陸、印度、印尼、越南及菲律賓，針對目標市場消費需求進行深度調查，除了從市場分析（總體環境、競爭廠商、市場特性）、消費者分析（產品偏好研究、價值觀、未滿足需求、行為等）及新興市場專家訪談著手之外，今年更特別針對當地通路結構進行解析，包含經銷代理模式、商品流通結構成本進行深入研究，期待我國企業能夠藉由本書，成功、順利前進新興市場。

"
布局新興市場系列九：從裡到外，留住青春與健康！越南白領市場夯保養,https://www.kingstone.com.tw//basic/2014890037990?zone=book&lid=book_class3_iqz&actid=book_class3_iqz,財團法人商業發展研究院,前程文化  ,9789860413045,https://cdn.kingstone.com.tw/book/images/product/20148/2014890037990/2014890037990b.jpg,"


	隨著經濟起飛，新興國家已從世界工廠搖身為世界市場，當地中產階級具有價格敏感及對產品品質要求等特性，此一契機我商MIT優質平價商品將大有可為。鑑於新興市場情報取得不易、通路結構與資訊封閉，財團法人商業發展研究院鎖定中國大陸、印度、印尼、越南及菲律賓，針對目標市場消費需求進行深度調查，除了從市場分析（總體環境、競爭廠商、市場特性）、消費者分析（產品偏好研究、價值觀、未滿足需求、行為等）及新興市場專家訪談著手之外，今年更特別針對當地通路結構進行解析，包含經銷代理模式、商品流通結構成本進行深入研究，期待我國企業能夠藉由本書，成功、順利前進新興市場。

"
布局新興市場系列十：撒錢愛美不手軟！越南白領階級醫學美容面面觀,https://www.kingstone.com.tw//basic/2014890038072?zone=book&lid=book_class3_iqz&actid=book_class3_iqz,財團法人商業發展研究院,前程文化  ,9789860413052,https://cdn.kingstone.com.tw/book/images/product/20148/2014890038072/2014890038072b.jpg,"


	隨著經濟起飛，新興國家已從世界工廠搖身為世界市場，當地中產階級具有價格敏感及對產品品質要求等特性，此一契機我商MIT優質平價商品將大有可為。鑑於新興市場情報取得不易、通路結構與資訊封閉，財團法人商業發展研究院鎖定中國大陸、印度、印尼、越南及菲律賓，針對目標市場消費需求進行深度調查，除了從市場分析（總體環境、競爭廠商、市場特性）、消費者分析（產品偏好研究、價值觀、未滿足需求、行為等）及新興市場專家訪談著手之外，今年更特別針對當地通路結構進行解析，包含經銷代理模式、商品流通結構成本進行深入研究，期待我國企業能夠藉由本書，成功、順利前進新興市場。

"
布局新興市場系列五：創造美實力！印尼年輕世代的健美商機,https://www.kingstone.com.tw//basic/2014100112677?zone=book&lid=book_class3_iqz&actid=book_class3_iqz,財團法人商業發展研究院,前程文化  ,9789860413007,https://cdn.kingstone.com.tw/book/images/product/20141/2014100112677/2014100112677b.jpg,"


	隨著經濟起飛，新興國家已從世界工廠搖身為世界市場，當地中產階級具有價格敏感及對產品品質要求等特性，此一契機我商MIT優質平價商品將大有可為。鑑於新興市場情報取得不易、通路結構與資訊封閉，財團法人商業發展研究院鎖定中國大陸、印度、印尼、越南及菲律賓，針對目標市場消費需求進行深度調查，除了從市場分析（總體環境、競爭廠商、市場特性）、消費者分析（產品偏好研究、價值觀、未滿足需求、行為等）及新興市場專家訪談著手之外，今年更特別針對當地通路結構進行解析，包含經銷代理模式、商品流通結構成本進行深入研究，期待我國企業能夠藉由本書，成功、順利前進新興市場。

"
布局新興市場系列八：迎接銀髮新生活！印度安養保健市場崛起,https://www.kingstone.com.tw//basic/2014100112707?zone=book&lid=book_class3_iqz&actid=book_class3_iqz,財團法人商業發展研究院,前程文化  ,9789860413038,https://cdn.kingstone.com.tw/book/images/product/20141/2014100112707/2014100112707b.jpg,"


	隨著經濟起飛，新興國家已從世界工廠搖身為世界市場，當地中產階級具有價格敏感及對產品品質要求等特性，此一契機我商MIT優質平價商品將大有可為。鑑於新興市場情報取得不易、通路結構與資訊封閉，財團法人商業發展研究院鎖定中國大陸、印度、印尼、越南及菲律賓，針對目標市場消費需求進行深度調查，除了從市場分析（總體環境、競爭廠商、市場特性）、消費者分析（產品偏好研究、價值觀、未滿足需求、行為等）及新興市場專家訪談著手之外，今年更特別針對當地通路結構進行解析，包含經銷代理模式、商品流通結構成本進行深入研究，期待我國企業能夠藉由本書，成功、順利前進新興市場。

"
布局新興市場系列十二：微小之處現個性！菲律賓個性經濟學，必讀！,https://www.kingstone.com.tw//basic/2014100112837?zone=book&lid=book_class3_iqz&actid=book_class3_iqz,財團法人商業發展研究院,前程文化  ,9789860413076,https://cdn.kingstone.com.tw/book/images/product/20141/2014100112837/2014100112837b.jpg,"


	隨著經濟起飛，新興國家已從世界工廠搖身為世界市場，當地中產階級具有價格敏感及對產品品質要求等特性，此一契機我商MIT優質平價商品將大有可為。鑑於新興市場情報取得不易、通路結構與資訊封閉，財團法人商業發展研究院鎖定中國大陸、印度、印尼、越南及菲律賓，針對目標市場消費需求進行深度調查，除了從市場分析（總體環境、競爭廠商、市場特性）、消費者分析（產品偏好研究、價值觀、未滿足需求、行為等）及新興市場專家訪談著手之外，今年更特別針對當地通路結構進行解析，包含經銷代理模式、商品流通結構成本進行深入研究，期待我國企業能夠藉由本書，成功、順利前進新興市場。

"
布局新興市場系列一：新興市場不神祕！？優平商機解密暨六組掏金密碼(個案集),https://www.kingstone.com.tw//basic/2014960365190?zone=book&lid=book_class3_iqz&actid=book_class3_iqz,財團法人商業發展研究院,前程文化  ,9789860412963,https://cdn.kingstone.com.tw/book/images/product/20149/2014960365190/2014960365190b.jpg,"


	隨著經濟起飛，新興國家已從世界工廠搖身為世界市場，當地中產階級具有價格敏感及對產品品質要求等特性，此一契機我商MIT優質平價商品將大有可為。鑑於新興市場情報取得不易、通路結構與資訊封閉，財團法人商業發展研究院鎖定中國大陸、印度、印尼、越南及菲律賓，針對目標市場消費需求進行深度調查，除了從市場分析（總體環境、競爭廠商、市場特性）、消費者分析（產品偏好研究、價值觀、未滿足需求、行為等）及新興市場專家訪談著手之外，今年更特別針對當地通路結構進行解析，包含經銷代理模式、商品流通結構成本進行深入研究，期待我國企業能夠藉由本書，成功、順利前進新興市場。

"
布局新興市場系列二：迎向新需求，插旗新市場：優質平價商機拓銷攻略,https://www.kingstone.com.tw//basic/2014960365220?zone=book&lid=book_class3_iqz&actid=book_class3_iqz,財團法人商業發展研究院,前程文化  ,9789860412970,https://cdn.kingstone.com.tw/book/images/product/20149/2014960365220/2014960365220b.jpg,"


	隨著經濟起飛，新興國家已從世界工廠搖身為世界市場，當地中產階級具有價格敏感及對產品品質要求等特性，此一契機我商MIT優質平價商品將大有可為。鑑於新興市場情報取得不易、通路結構與資訊封閉，財團法人商業發展研究院鎖定中國大陸、印度、印尼、越南及菲律賓，針對目標市場消費需求進行深度調查，除了從市場分析（總體環境、競爭廠商、市場特性）、消費者分析（產品偏好研究、價值觀、未滿足需求、行為等）及新興市場專家訪談著手之外，今年更特別針對當地通路結構進行解析，包含經銷代理模式、商品流通結構成本進行深入研究，期待我國企業能夠藉由本書，成功、順利前進新興市場。

"
布局新興市場系列三：讓消費者愛上你！中國大陸五大潛力城市消費洞察及我國競爭優勢,https://www.kingstone.com.tw//basic/2014960365350?zone=book&lid=book_class3_iqz&actid=book_class3_iqz,財團法人商業發展研究院,前程文化  ,9789860412987,https://cdn.kingstone.com.tw/book/images/product/20149/2014960365350/2014960365350b.jpg,"


	隨著經濟起飛，新興國家已從世界工廠搖身為世界市場，當地中產階級具有價格敏感及對產品品質要求等特性，此一契機我商MIT優質平價商品將大有可為。鑑於新興市場情報取得不易、通路結構與資訊封閉，財團法人商業發展研究院鎖定中國大陸、印度、印尼、越南及菲律賓，針對目標市場消費需求進行深度調查，除了從市場分析（總體環境、競爭廠商、市場特性）、消費者分析（產品偏好研究、價值觀、未滿足需求、行為等）及新興市場專家訪談著手之外，今年更特別針對當地通路結構進行解析，包含經銷代理模式、商品流通結構成本進行深入研究，期待我國企業能夠藉由本書，成功、順利前進新興市場。

"
前進新興市場系列套書（全套共10冊）,https://www.kingstone.com.tw//basic/2014840040643?zone=book&lid=book_class3_iqz&actid=book_class3_iqz,財團法人商業發展研究院/,前程文化  ,9789860321753,https://cdn.kingstone.com.tw/book/images/product/20148/2014840040643/2014840040643b.jpg,"


	十年來，全球資金快速流向中國、印度、印尼等新興市場，其坐擁豐富資源，憑藉強勁的經濟成長力和龐大的年輕人口加持，已非吳下阿蒙。2011年IMF統計，新興市場人口總數57億為已開發國家七倍之多，經濟成長貢獻佔全球四成。且依目前成長率推估，新興市場國內生產總值(GDP)至2020年，可望達到全球44%，足以和成熟國家並駕齊驅，經濟實力與重要性不言而喻。

	另方面，自2001年到2010年間，美國平均國民所得僅增加31%，但金磚四國(BRIC)卻都超過170%。所得增加首先帶動消費升級並形成跳躍式的消費模式，對優質平價產品的需求湧現。新興中產階級尤其重視「平價奢華、質高不貴、物超所值」，消費爆發力道不容小覷。在歐美深陷債務風暴的此刻，新興市場預料將成為未來全球經濟發展主力部隊，有識者紛紛進駐當地長線佈局，等待收成。

	臺灣鄰近中國大陸、印度、印尼及越南等重要潛在新興市場，歷史文化背景相似，最了解當地由傳統轉型現代，從溫飽邁向小康的成長需求。臺商挾豐富國際大廠代工經驗，累積品質與成本控制能耐，趁早卡位，很有機會發展自我品牌，擺脫為人作嫁的宿命。然而，若靠過去臺灣中小企業一卡皮箱闖天下，單打獨鬥的方式，恐怕耗時費力，風險也大增。有鑑於此，經濟部國際貿易局自99年起委託商業發展研究院執行三年「優質平價新興市場推動方案-新興市場消費需求深度調查案」，以協助業者掌握新興市場商機。

	本系列叢書「前進新興市場Winning in the Emerging Markets」收錄了「100年優質平價新興市場推動方案-新興市場消費需求深度調查案」研究成果，叢書將從總體環境、產業現況、市場情報及消費需求商機缺口帶領讀者剖析新興市場商機，協助讀者瞭解新興市場消費者資訊。藉由一系列叢書除了可了解當地經濟發展脈絡、生活環境條件、消費行為模式等變數外，更重要的是以消費者需求市場情報為基礎協助企業延伸國際觸角，增加企業的專業度與獨特性，提高產業競爭能耐，提高臺灣企業進入新興市場機會。

"
前進新興市場系列一：阿拉眷顧下的消費雄兵-印尼穆斯林處處是商機,https://www.kingstone.com.tw//basic/2014960364148?zone=book&lid=book_class3_iqz&actid=book_class3_iqz,財團法人商業發展研究院/,前程文化  ,9789860321654,https://cdn.kingstone.com.tw/book/images/product/20149/2014960364148/2014960364148b.jpg,"


	十年來，全球資金快速流向中國、印度、印尼等新興市場，其坐擁豐富資源，憑藉強勁的經濟成長力和龐大的年輕人口加持，已非吳下阿蒙。2011年IMF統計，新興市場人口總數57億為已開發國家七倍之多，經濟成長貢獻佔全球四成。且依目前成長率推估，新興市場國內生產總值(GDP)至2020年，可望達到全球44%，足以和成熟國家並駕齊驅，經濟實力與重要性不言而喻。

	另方面，自2001年到2010年間，美國平均國民所得僅增加31%，但金磚四國(BRIC)卻都超過170%。所得增加首先帶動消費升級並形成跳躍式的消費模式，對優質平價產品的需求湧現。新興中產階級尤其重視「平價奢華、質高不貴、物超所值」，消費爆發力道不容小覷。在歐美深陷債務風暴的此刻，新興市場預料將成為未來全球經濟發展主力部隊，有識者紛紛進駐當地長線佈局，等待收成。

	臺灣鄰近中國大陸、印度、印尼及越南等重要潛在新興市場，歷史文化背景相似，最了解當地由傳統轉型現代，從溫飽邁向小康的成長需求。臺商挾豐富國際大廠代工經驗，累積品質與成本控制能耐，趁早卡位，很有機會發展自我品牌，擺脫為人作嫁的宿命。然而，若靠過去臺灣中小企業一卡皮箱闖天下，單打獨鬥的方式，恐怕耗時費力，風險也大增。有鑑於此，經濟部國際貿易局自99年起委託商業發展研究院執行三年「優質平價新興市場推動方案-新興市場消費需求深度調查案」，以協助業者掌握新興市場商機。

	本系列叢書「前進新興市場Winning in the Emerging Markets」收錄了「100年優質平價新興市場推動方案-新興市場消費需求深度調查案」研究成果，叢書將從總體環境、產業現況、市場情報及消費需求商機缺口帶領讀者剖析新興市場商機，協助讀者瞭解新興市場消費者資訊。藉由一系列叢書除了可了解當地經濟發展脈絡、生活環境條件、消費行為模式等變數外，更重要的是以消費者需求市場情報為基礎協助企業延伸國際觸角，增加企業的專業度與獨特性，提高產業競爭能耐，提高臺灣企業進入新興市場機會。

"
前進新興市場系列二：亞洲新勢力崛起-橫越星、馬、泰、汶、中、日的穆斯林市場,https://www.kingstone.com.tw//basic/2014960364278?zone=book&lid=book_class3_iqz&actid=book_class3_iqz,財團法人商業發展研究院/,前程文化  ,9789860321661,https://cdn.kingstone.com.tw/book/images/product/20149/2014960364278/2014960364278b.jpg,"


	十年來，全球資金快速流向中國、印度、印尼等新興市場，其坐擁豐富資源，憑藉強勁的經濟成長力和龐大的年輕人口加持，已非吳下阿蒙。2011年IMF統計，新興市場人口總數57億為已開發國家七倍之多，經濟成長貢獻佔全球四成。且依目前成長率推估，新興市場國內生產總值(GDP)至2020年，可望達到全球44%，足以和成熟國家並駕齊驅，經濟實力與重要性不言而喻。

	另方面，自2001年到2010年間，美國平均國民所得僅增加31%，但金磚四國(BRIC)卻都超過170%。所得增加首先帶動消費升級並形成跳躍式的消費模式，對優質平價產品的需求湧現。新興中產階級尤其重視「平價奢華、質高不貴、物超所值」，消費爆發力道不容小覷。在歐美深陷債務風暴的此刻，新興市場預料將成為未來全球經濟發展主力部隊，有識者紛紛進駐當地長線佈局，等待收成。

	臺灣鄰近中國大陸、印度、印尼及越南等重要潛在新興市場，歷史文化背景相似，最了解當地由傳統轉型現代，從溫飽邁向小康的成長需求。臺商挾豐富國際大廠代工經驗，累積品質與成本控制能耐，趁早卡位，很有機會發展自我品牌，擺脫為人作嫁的宿命。然而，若靠過去臺灣中小企業一卡皮箱闖天下，單打獨鬥的方式，恐怕耗時費力，風險也大增。有鑑於此，經濟部國際貿易局自99年起委託商業發展研究院執行三年「優質平價新興市場推動方案-新興市場消費需求深度調查案」，以協助業者掌握新興市場商機。

	本系列叢書「前進新興市場Winning in the Emerging Markets」收錄了「100年優質平價新興市場推動方案-新興市場消費需求深度調查案」研究成果，叢書將從總體環境、產業現況、市場情報及消費需求商機缺口帶領讀者剖析新興市場商機，協助讀者瞭解新興市場消費者資訊。藉由一系列叢書除了可了解當地經濟發展脈絡、生活環境條件、消費行為模式等變數外，更重要的是以消費者需求市場情報為基礎協助企業延伸國際觸角，增加企業的專業度與獨特性，提高產業競爭能耐，提高臺灣企業進入新興市場機會。

"
前進新興市場系列三：揭開神秘紗麗下的秘密-印度愛美力量正崛起,https://www.kingstone.com.tw//basic/2014960364308?zone=book&lid=book_class3_iqz&actid=book_class3_iqz,財團法人商業發展研究院/,前程文化  ,9789860321678,https://cdn.kingstone.com.tw/book/images/product/20149/2014960364308/2014960364308b.jpg,"


	十年來，全球資金快速流向中國、印度、印尼等新興市場，其坐擁豐富資源，憑藉強勁的經濟成長力和龐大的年輕人口加持，已非吳下阿蒙。2011年IMF統計，新興市場人口總數57億為已開發國家七倍之多，經濟成長貢獻佔全球四成。且依目前成長率推估，新興市場國內生產總值(GDP)至2020年，可望達到全球44%，足以和成熟國家並駕齊驅，經濟實力與重要性不言而喻。

	另方面，自2001年到2010年間，美國平均國民所得僅增加31%，但金磚四國(BRIC)卻都超過170%。所得增加首先帶動消費升級並形成跳躍式的消費模式，對優質平價產品的需求湧現。新興中產階級尤其重視「平價奢華、質高不貴、物超所值」，消費爆發力道不容小覷。在歐美深陷債務風暴的此刻，新興市場預料將成為未來全球經濟發展主力部隊，有識者紛紛進駐當地長線佈局，等待收成。

	臺灣鄰近中國大陸、印度、印尼及越南等重要潛在新興市場，歷史文化背景相似，最了解當地由傳統轉型現代，從溫飽邁向小康的成長需求。臺商挾豐富國際大廠代工經驗，累積品質與成本控制能耐，趁早卡位，很有機會發展自我品牌，擺脫為人作嫁的宿命。然而，若靠過去臺灣中小企業一卡皮箱闖天下，單打獨鬥的方式，恐怕耗時費力，風險也大增。有鑑於此，經濟部國際貿易局自99年起委託商業發展研究院執行三年「優質平價新興市場推動方案-新興市場消費需求深度調查案」，以協助業者掌握新興市場商機。

	本系列叢書「前進新興市場Winning in the Emerging Markets」收錄了「100年優質平價新興市場推動方案-新興市場消費需求深度調查案」研究成果，叢書將從總體環境、產業現況、市場情報及消費需求商機缺口帶領讀者剖析新興市場商機，協助讀者瞭解新興市場消費者資訊。藉由一系列叢書除了可了解當地經濟發展脈絡、生活環境條件、消費行為模式等變數外，更重要的是以消費者需求市場情報為基礎協助企業延伸國際觸角，增加企業的專業度與獨特性，提高產業競爭能耐，提高臺灣企業進入新興市場機會。

"
前進新興市場系列四：青春美麗永遠嫌不夠？-中國大陸美麗經濟學,https://www.kingstone.com.tw//basic/2014960364438?zone=book&lid=book_class3_iqz&actid=book_class3_iqz,財團法人商業發展研究院/,前程文化  ,9789860321685,https://cdn.kingstone.com.tw/book/images/product/20149/2014960364438/2014960364438b.jpg,"


	十年來，全球資金快速流向中國、印度、印尼等新興市場，其坐擁豐富資源，憑藉強勁的經濟成長力和龐大的年輕人口加持，已非吳下阿蒙。2011年IMF統計，新興市場人口總數57億為已開發國家七倍之多，經濟成長貢獻佔全球四成。且依目前成長率推估，新興市場國內生產總值(GDP)至2020年，可望達到全球44%，足以和成熟國家並駕齊驅，經濟實力與重要性不言而喻。

	另方面，自2001年到2010年間，美國平均國民所得僅增加31%，但金磚四國(BRIC)卻都超過170%。所得增加首先帶動消費升級並形成跳躍式的消費模式，對優質平價產品的需求湧現。新興中產階級尤其重視「平價奢華、質高不貴、物超所值」，消費爆發力道不容小覷。在歐美深陷債務風暴的此刻，新興市場預料將成為未來全球經濟發展主力部隊，有識者紛紛進駐當地長線佈局，等待收成。

	臺灣鄰近中國大陸、印度、印尼及越南等重要潛在新興市場，歷史文化背景相似，最了解當地由傳統轉型現代，從溫飽邁向小康的成長需求。臺商挾豐富國際大廠代工經驗，累積品質與成本控制能耐，趁早卡位，很有機會發展自我品牌，擺脫為人作嫁的宿命。然而，若靠過去臺灣中小企業一卡皮箱闖天下，單打獨鬥的方式，恐怕耗時費力，風險也大增。有鑑於此，經濟部國際貿易局自99年起委託商業發展研究院執行三年「優質平價新興市場推動方案-新興市場消費需求深度調查案」，以協助業者掌握新興市場商機。

	本系列叢書「前進新興市場Winning in the Emerging Markets」收錄了「100年優質平價新興市場推動方案-新興市場消費需求深度調查案」研究成果，叢書將從總體環境、產業現況、市場情報及消費需求商機缺口帶領讀者剖析新興市場商機，協助讀者瞭解新興市場消費者資訊。藉由一系列叢書除了可了解當地經濟發展脈絡、生活環境條件、消費行為模式等變數外，更重要的是以消費者需求市場情報為基礎協助企業延伸國際觸角，增加企業的專業度與獨特性，提高產業競爭能耐，提高臺灣企業進入新興市場機會。

"
前進新興市場系列五：掌握「無毒」與「便利」-中國大陸、越南家居市場無往不利,https://www.kingstone.com.tw//basic/2014960364568?zone=book&lid=book_class3_iqz&actid=book_class3_iqz,財團法人商業發展研究院/,前程文化  ,9789860321692,https://cdn.kingstone.com.tw/book/images/product/20149/2014960364568/2014960364568b.jpg,"


	十年來，全球資金快速流向中國、印度、印尼等新興市場，其坐擁豐富資源，憑藉強勁的經濟成長力和龐大的年輕人口加持，已非吳下阿蒙。2011年IMF統計，新興市場人口總數57億為已開發國家七倍之多，經濟成長貢獻佔全球四成。且依目前成長率推估，新興市場國內生產總值(GDP)至2020年，可望達到全球44%，足以和成熟國家並駕齊驅，經濟實力與重要性不言而喻。

	另方面，自2001年到2010年間，美國平均國民所得僅增加31%，但金磚四國(BRIC)卻都超過170%。所得增加首先帶動消費升級並形成跳躍式的消費模式，對優質平價產品的需求湧現。新興中產階級尤其重視「平價奢華、質高不貴、物超所值」，消費爆發力道不容小覷。在歐美深陷債務風暴的此刻，新興市場預料將成為未來全球經濟發展主力部隊，有識者紛紛進駐當地長線佈局，等待收成。

	臺灣鄰近中國大陸、印度、印尼及越南等重要潛在新興市場，歷史文化背景相似，最了解當地由傳統轉型現代，從溫飽邁向小康的成長需求。臺商挾豐富國際大廠代工經驗，累積品質與成本控制能耐，趁早卡位，很有機會發展自我品牌，擺脫為人作嫁的宿命。然而，若靠過去臺灣中小企業一卡皮箱闖天下，單打獨鬥的方式，恐怕耗時費力，風險也大增。有鑑於此，經濟部國際貿易局自99年起委託商業發展研究院執行三年「優質平價新興市場推動方案-新興市場消費需求深度調查案」，以協助業者掌握新興市場商機。

	本系列叢書「前進新興市場Winning in the Emerging Markets」收錄了「100年優質平價新興市場推動方案-新興市場消費需求深度調查案」研究成果，叢書將從總體環境、產業現況、市場情報及消費需求商機缺口帶領讀者剖析新興市場商機，協助讀者瞭解新興市場消費者資訊。藉由一系列叢書除了可了解當地經濟發展脈絡、生活環境條件、消費行為模式等變數外，更重要的是以消費者需求市場情報為基礎協助企業延伸國際觸角，增加企業的專業度與獨特性，提高產業競爭能耐，提高臺灣企業進入新興市場機會。

"
前進新興市場系列六：集「成就」與「寵愛」於一家！-印度家居產業的轉型和成長,https://www.kingstone.com.tw//basic/2014960364698?zone=book&lid=book_class3_iqz&actid=book_class3_iqz,財團法人商業發展研究院/,前程文化  ,9789860321708,https://cdn.kingstone.com.tw/book/images/product/20149/2014960364698/2014960364698b.jpg,"


	十年來，全球資金快速流向中國、印度、印尼等新興市場，其坐擁豐富資源，憑藉強勁的經濟成長力和龐大的年輕人口加持，已非吳下阿蒙。2011年IMF統計，新興市場人口總數57億為已開發國家七倍之多，經濟成長貢獻佔全球四成。且依目前成長率推估，新興市場國內生產總值(GDP)至2020年，可望達到全球44%，足以和成熟國家並駕齊驅，經濟實力與重要性不言而喻。

	另方面，自2001年到2010年間，美國平均國民所得僅增加31%，但金磚四國(BRIC)卻都超過170%。所得增加首先帶動消費升級並形成跳躍式的消費模式，對優質平價產品的需求湧現。新興中產階級尤其重視「平價奢華、質高不貴、物超所值」，消費爆發力道不容小覷。在歐美深陷債務風暴的此刻，新興市場預料將成為未來全球經濟發展主力部隊，有識者紛紛進駐當地長線佈局，等待收成。

	臺灣鄰近中國大陸、印度、印尼及越南等重要潛在新興市場，歷史文化背景相似，最了解當地由傳統轉型現代，從溫飽邁向小康的成長需求。臺商挾豐富國際大廠代工經驗，累積品質與成本控制能耐，趁早卡位，很有機會發展自我品牌，擺脫為人作嫁的宿命。然而，若靠過去臺灣中小企業一卡皮箱闖天下，單打獨鬥的方式，恐怕耗時費力，風險也大增。有鑑於此，經濟部國際貿易局自99年起委託商業發展研究院執行三年「優質平價新興市場推動方案-新興市場消費需求深度調查案」，以協助業者掌握新興市場商機。

	本系列叢書「前進新興市場Winning in the Emerging Markets」收錄了「100年優質平價新興市場推動方案-新興市場消費需求深度調查案」研究成果，叢書將從總體環境、產業現況、市場情報及消費需求商機缺口帶領讀者剖析新興市場商機，協助讀者瞭解新興市場消費者資訊。藉由一系列叢書除了可了解當地經濟發展脈絡、生活環境條件、消費行為模式等變數外，更重要的是以消費者需求市場情報為基礎協助企業延伸國際觸角，增加企業的專業度與獨特性，提高產業競爭能耐，提高臺灣企業進入新興市場機會。

"
前進新興市場系列七：「體面」人生，從家出發-到印尼體驗家居商機,https://www.kingstone.com.tw//basic/2014960364728?zone=book&lid=book_class3_iqz&actid=book_class3_iqz,財團法人商業發展研究院/,前程文化  ,9789860321715,https://cdn.kingstone.com.tw/book/images/product/20149/2014960364728/2014960364728b.jpg,"


	十年來，全球資金快速流向中國、印度、印尼等新興市場，其坐擁豐富資源，憑藉強勁的經濟成長力和龐大的年輕人口加持，已非吳下阿蒙。2011年IMF統計，新興市場人口總數57億為已開發國家七倍之多，經濟成長貢獻佔全球四成。且依目前成長率推估，新興市場國內生產總值(GDP)至2020年，可望達到全球44%，足以和成熟國家並駕齊驅，經濟實力與重要性不言而喻。

	另方面，自2001年到2010年間，美國平均國民所得僅增加31%，但金磚四國(BRIC)卻都超過170%。所得增加首先帶動消費升級並形成跳躍式的消費模式，對優質平價產品的需求湧現。新興中產階級尤其重視「平價奢華、質高不貴、物超所值」，消費爆發力道不容小覷。在歐美深陷債務風暴的此刻，新興市場預料將成為未來全球經濟發展主力部隊，有識者紛紛進駐當地長線佈局，等待收成。

	臺灣鄰近中國大陸、印度、印尼及越南等重要潛在新興市場，歷史文化背景相似，最了解當地由傳統轉型現代，從溫飽邁向小康的成長需求。臺商挾豐富國際大廠代工經驗，累積品質與成本控制能耐，趁早卡位，很有機會發展自我品牌，擺脫為人作嫁的宿命。然而，若靠過去臺灣中小企業一卡皮箱闖天下，單打獨鬥的方式，恐怕耗時費力，風險也大增。有鑑於此，經濟部國際貿易局自99年起委託商業發展研究院執行三年「優質平價新興市場推動方案-新興市場消費需求深度調查案」，以協助業者掌握新興市場商機。

	本系列叢書「前進新興市場Winning in the Emerging Markets」收錄了「100年優質平價新興市場推動方案-新興市場消費需求深度調查案」研究成果，叢書將從總體環境、產業現況、市場情報及消費需求商機缺口帶領讀者剖析新興市場商機，協助讀者瞭解新興市場消費者資訊。藉由一系列叢書除了可了解當地經濟發展脈絡、生活環境條件、消費行為模式等變數外，更重要的是以消費者需求市場情報為基礎協助企業延伸國際觸角，增加企業的專業度與獨特性，提高產業競爭能耐，提高臺灣企業進入新興市場機會。

"
前進新興市場系列八：敲開白色巨塔大門-前進中國大陸、印尼、印度、越南醫療器材產業,https://www.kingstone.com.tw//basic/2014960364858?zone=book&lid=book_class3_iqz&actid=book_class3_iqz,財團法人商業發展研究院/,前程文化  ,9789860321722,https://cdn.kingstone.com.tw/book/images/product/20149/2014960364858/2014960364858b.jpg,"


	十年來，全球資金快速流向中國、印度、印尼等新興市場，其坐擁豐富資源，憑藉強勁的經濟成長力和龐大的年輕人口加持，已非吳下阿蒙。2011年IMF統計，新興市場人口總數57億為已開發國家七倍之多，經濟成長貢獻佔全球四成。且依目前成長率推估，新興市場國內生產總值(GDP)至2020年，可望達到全球44%，足以和成熟國家並駕齊驅，經濟實力與重要性不言而喻。

	另方面，自2001年到2010年間，美國平均國民所得僅增加31%，但金磚四國(BRIC)卻都超過170%。所得增加首先帶動消費升級並形成跳躍式的消費模式，對優質平價產品的需求湧現。新興中產階級尤其重視「平價奢華、質高不貴、物超所值」，消費爆發力道不容小覷。在歐美深陷債務風暴的此刻，新興市場預料將成為未來全球經濟發展主力部隊，有識者紛紛進駐當地長線佈局，等待收成。

	臺灣鄰近中國大陸、印度、印尼及越南等重要潛在新興市場，歷史文化背景相似，最了解當地由傳統轉型現代，從溫飽邁向小康的成長需求。臺商挾豐富國際大廠代工經驗，累積品質與成本控制能耐，趁早卡位，很有機會發展自我品牌，擺脫為人作嫁的宿命。然而，若靠過去臺灣中小企業一卡皮箱闖天下，單打獨鬥的方式，恐怕耗時費力，風險也大增。有鑑於此，經濟部國際貿易局自99年起委託商業發展研究院執行三年「優質平價新興市場推動方案-新興市場消費需求深度調查案」，以協助業者掌握新興市場商機。

	本系列叢書「前進新興市場Winning in the Emerging Markets」收錄了「100年優質平價新興市場推動方案-新興市場消費需求深度調查案」研究成果，叢書將從總體環境、產業現況、市場情報及消費需求商機缺口帶領讀者剖析新興市場商機，協助讀者瞭解新興市場消費者資訊。藉由一系列叢書除了可了解當地經濟發展脈絡、生活環境條件、消費行為模式等變數外，更重要的是以消費者需求市場情報為基礎協助企業延伸國際觸角，增加企業的專業度與獨特性，提高產業競爭能耐，提高臺灣企業進入新興市場機會。

"
前進新興市場系列九：活到老更要活得好！-中國大陸、印度居家醫材商機熱,https://www.kingstone.com.tw//basic/2014960364988?zone=book&lid=book_class3_iqz&actid=book_class3_iqz,財團法人商業發展研究院/,前程文化  ,9789860321739,https://cdn.kingstone.com.tw/book/images/product/20149/2014960364988/2014960364988b.jpg,"


	十年來，全球資金快速流向中國、印度、印尼等新興市場，其坐擁豐富資源，憑藉強勁的經濟成長力和龐大的年輕人口加持，已非吳下阿蒙。2011年IMF統計，新興市場人口總數57億為已開發國家七倍之多，經濟成長貢獻佔全球四成。且依目前成長率推估，新興市場國內生產總值(GDP)至2020年，可望達到全球44%，足以和成熟國家並駕齊驅，經濟實力與重要性不言而喻。

	另方面，自2001年到2010年間，美國平均國民所得僅增加31%，但金磚四國(BRIC)卻都超過170%。所得增加首先帶動消費升級並形成跳躍式的消費模式，對優質平價產品的需求湧現。新興中產階級尤其重視「平價奢華、質高不貴、物超所值」，消費爆發力道不容小覷。在歐美深陷債務風暴的此刻，新興市場預料將成為未來全球經濟發展主力部隊，有識者紛紛進駐當地長線佈局，等待收成。

	臺灣鄰近中國大陸、印度、印尼及越南等重要潛在新興市場，歷史文化背景相似，最了解當地由傳統轉型現代，從溫飽邁向小康的成長需求。臺商挾豐富國際大廠代工經驗，累積品質與成本控制能耐，趁早卡位，很有機會發展自我品牌，擺脫為人作嫁的宿命。然而，若靠過去臺灣中小企業一卡皮箱闖天下，單打獨鬥的方式，恐怕耗時費力，風險也大增。有鑑於此，經濟部國際貿易局自99年起委託商業發展研究院執行三年「優質平價新興市場推動方案-新興市場消費需求深度調查案」，以協助業者掌握新興市場商機。

	本系列叢書「前進新興市場Winning in the Emerging Markets」收錄了「100年優質平價新興市場推動方案-新興市場消費需求深度調查案」研究成果，叢書將從總體環境、產業現況、市場情報及消費需求商機缺口帶領讀者剖析新興市場商機，協助讀者瞭解新興市場消費者資訊。藉由一系列叢書除了可了解當地經濟發展脈絡、生活環境條件、消費行為模式等變數外，更重要的是以消費者需求市場情報為基礎協助企業延伸國際觸角，增加企業的專業度與獨特性，提高產業競爭能耐，提高臺灣企業進入新興市場機會。

"
前進新興市場系列十：八支金鑰匙-新興市場商機密碼個案集,https://www.kingstone.com.tw//basic/2014960365060?zone=book&lid=book_class3_iqz&actid=book_class3_iqz,財團法人商業發展研究院/,前程文化  ,9789860321746,https://cdn.kingstone.com.tw/book/images/product/20149/2014960365060/2014960365060b.jpg,"


	十年來，全球資金快速流向中國、印度、印尼等新興市場，其坐擁豐富資源，憑藉強勁的經濟成長力和龐大的年輕人口加持，已非吳下阿蒙。2011年IMF統計，新興市場人口總數57億為已開發國家七倍之多，經濟成長貢獻佔全球四成。且依目前成長率推估，新興市場國內生產總值(GDP)至2020年，可望達到全球44%，足以和成熟國家並駕齊驅，經濟實力與重要性不言而喻。

	另方面，自2001年到2010年間，美國平均國民所得僅增加31%，但金磚四國(BRIC)卻都超過170%。所得增加首先帶動消費升級並形成跳躍式的消費模式，對優質平價產品的需求湧現。新興中產階級尤其重視「平價奢華、質高不貴、物超所值」，消費爆發力道不容小覷。在歐美深陷債務風暴的此刻，新興市場預料將成為未來全球經濟發展主力部隊，有識者紛紛進駐當地長線佈局，等待收成。

	臺灣鄰近中國大陸、印度、印尼及越南等重要潛在新興市場，歷史文化背景相似，最了解當地由傳統轉型現代，從溫飽邁向小康的成長需求。臺商挾豐富國際大廠代工經驗，累積品質與成本控制能耐，趁早卡位，很有機會發展自我品牌，擺脫為人作嫁的宿命。然而，若靠過去臺灣中小企業一卡皮箱闖天下，單打獨鬥的方式，恐怕耗時費力，風險也大增。有鑑於此，經濟部國際貿易局自99年起委託商業發展研究院執行三年「優質平價新興市場推動方案-新興市場消費需求深度調查案」，以協助業者掌握新興市場商機。

	本系列叢書「前進新興市場Winning in the Emerging Markets」收錄了「100年優質平價新興市場推動方案-新興市場消費需求深度調查案」研究成果，叢書將從總體環境、產業現況、市場情報及消費需求商機缺口帶領讀者剖析新興市場商機，協助讀者瞭解新興市場消費者資訊。藉由一系列叢書除了可了解當地經濟發展脈絡、生活環境條件、消費行為模式等變數外，更重要的是以消費者需求市場情報為基礎協助企業延伸國際觸角，增加企業的專業度與獨特性，提高產業競爭能耐，提高臺灣企業進入新興市場機會。

"
全球新藍海．挑戰新興市場系列二：生活大躍進-透視越南、雙印民生消費新趨勢,https://www.kingstone.com.tw//basic/2014810011550?zone=book&lid=book_class3_iqz&actid=book_class3_iqz,財團法人商業發展研究院/,前程文化  ,9789866057014,https://cdn.kingstone.com.tw/book/images/product/20148/2014810011550/2014810011550b.jpg,"


	自從高盛證券發表的「金磚四國」報告走紅於資本市場以後，新興市場話題不斷延燒，在經歷2008年金融海嘯時，新興市場中國大陸、印度、印尼及越南卻逆勢成長，展現強勁的經濟成長力道，並使亞洲新興市場已成為繼歐美市場後的重要經濟勢力，並逐步由「世界工廠」蛻變為「世界市場」。

	在新興國家積極攫取產業擴張與升級機會的同時，其龐大、且正快速脫貧的人口趨勢，使全球傳統「上尖下廣」的金字塔型所得結構，逐漸轉變為「中段獨大」的鑽石型模式，其中所蘊藏的商機，勢必顛覆當前全球市場生態與商業模式，而台灣企業該如何運用「優質平價」策略立足新興國家，放眼全球市場！「全球新藍海挑戰新興市場」系列叢書針對新興國家消費特性、品牌發展、市場資訊，經由整合產、官、學研多元點思考與實務經驗，提供我國企業進軍新興消費市場之重要觀點與第一手市場資訊！！

"
全球新藍海．挑戰新興市場系列三：誰是下一個康師傅-食品通路前進新興市場大攻略,https://www.kingstone.com.tw//basic/2014810011680?zone=book&lid=book_class3_iqz&actid=book_class3_iqz,財團法人商業發展研究院/,前程文化  ,9789866057021,https://cdn.kingstone.com.tw/book/images/product/20148/2014810011680/2014810011680b.jpg,"


	自從高盛證券發表的「金磚四國」報告走紅於資本市場以後，新興市場話題不斷延燒，在經歷2008年金融海嘯時，新興市場中國大陸、印度、印尼及越南卻逆勢成長，展現強勁的經濟成長力道，並使亞洲新興市場已成為繼歐美市場後的重要經濟勢力，並逐步由「世界工廠」蛻變為「世界市場」。

	在新興國家積極攫取產業擴張與升級機會的同時，其龐大、且正快速脫貧的人口趨勢，使全球傳統「上尖下廣」的金字塔型所得結構，逐漸轉變為「中段獨大」的鑽石型模式，其中所蘊藏的商機，勢必顛覆當前全球市場生態與商業模式，而台灣企業該如何運用「優質平價」策略立足新興國家，放眼全球市場！「全球新藍海挑戰新興市場」系列叢書針對新興國家消費特性、品牌發展、市場資訊，經由整合產、官、學研多元點思考與實務經驗，提供我國企業進軍新興消費市場之重要觀點與第一手市場資訊！！

"
全球新藍海．挑戰新興市場系列五：用智慧挑戰未來-解析中國大陸手機產業發展,https://www.kingstone.com.tw//basic/2014840040063?zone=book&lid=book_class3_iqz&actid=book_class3_iqz,財團法人商業發展研究院/,前程文化  ,9789866057038,https://cdn.kingstone.com.tw/book/images/product/20148/2014840040063/2014840040063b.jpg,"


	自從高盛證券發表的「金磚四國」報告走紅於資本市場以後，新興市場話題不斷延燒，在經歷2008年金融海嘯時，新興市場中國大陸、印度、印尼及越南卻逆勢成長，展現強勁的經濟成長力道，並使亞洲新興市場已成為繼歐美市場後的重要經濟勢力，並逐步由「世界工廠」蛻變為「世界市場」。

	在新興國家積極攫取產業擴張與升級機會的同時，其龐大、且正快速脫貧的人口趨勢，使全球傳統「上尖下廣」的金字塔型所得結構，逐漸轉變為「中段獨大」的鑽石型模式，其中所蘊藏的商機，勢必顛覆當前全球市場生態與商業模式，而台灣企業該如何運用「優質平價」策略立足新興國家，放眼全球市場！「全球新藍海挑戰新興市場」系列叢書針對新興國家消費特性、品牌發展、市場資訊，經由整合產、官、學研多元點思考與實務經驗，提供我國企業進軍新興消費市場之重要觀點與第一手市場資訊！！

"
全球新藍海．挑戰新興市場系列六：手機Ｕ化趨勢-解析印度、越南手機商機,https://www.kingstone.com.tw//basic/2014840040193?zone=book&lid=book_class3_iqz&actid=book_class3_iqz,財團法人商業發展研究院/,前程文化  ,9789866057052,https://cdn.kingstone.com.tw/book/images/product/20148/2014840040193/2014840040193b.jpg,"


	自從高盛證券發表的「金磚四國」報告走紅於資本市場以後，新興市場話題不斷延燒，在經歷2008年金融海嘯時，新興市場中國大陸、印度、印尼及越南卻逆勢成長，展現強勁的經濟成長力道，並使亞洲新興市場已成為繼歐美市場後的重要經濟勢力，並逐步由「世界工廠」蛻變為「世界市場」。

	在新興國家積極攫取產業擴張與升級機會的同時，其龐大、且正快速脫貧的人口趨勢，使全球傳統「上尖下廣」的金字塔型所得結構，逐漸轉變為「中段獨大」的鑽石型模式，其中所蘊藏的商機，勢必顛覆當前全球市場生態與商業模式，而台灣企業該如何運用「優質平價」策略立足新興國家，放眼全球市場!「全球新藍海挑戰新興市場」系列叢書針對新興國家消費特性、品牌發展、市場資訊，經由整合產、官、學研多元點思考與實務經驗，提供我國企業進軍新興消費市場之重要觀點與第一手市場資訊!!

"
全球新藍海．挑戰新興市場系列七：NB的新戰場-解析中國大陸筆電產品與市場布局,https://www.kingstone.com.tw//basic/2014840040223?zone=book&lid=book_class3_iqz&actid=book_class3_iqz,財團法人商業發展研究院/,前程文化  ,9789866057069,https://cdn.kingstone.com.tw/book/images/product/20148/2014840040223/2014840040223b.jpg,"


	自從高盛證券發表的「金磚四國」報告走紅於資本市場以後，新興市場話題不斷延燒，在經歷2008年金融海嘯時，新興市場中國大陸、印度、印尼及越南卻逆勢成長，展現強勁的經濟成長力道，並使亞洲新興市場已成為繼歐美市場後的重要經濟勢力，並逐步由「世界工廠」蛻變為「世界市場」。

	在新興國家積極攫取產業擴張與升級機會的同時，其龐大、且正快速脫貧的人口趨勢，使全球傳統「上尖下廣」的金字塔型所得結構，逐漸轉變為「中段獨大」的鑽石型模式，其中所蘊藏的商機，勢必顛覆當前全球市場生態與商業模式，而台灣企業該如何運用「優質平價」策略立足新興國家，放眼全球市場！「全球新藍海挑戰新興市場」系列叢書針對新興國家消費特性、品牌發展、市場資訊，經由整合產、官、學研多元點思考與實務經驗，提供我國企業進軍新興消費市場之重要觀點與第一手市場資訊！！

"
全球新藍海．挑戰新興市場系列八：NB的下個契機-如何進軍東南亞筆電市場,https://www.kingstone.com.tw//basic/2014840040353?zone=book&lid=book_class3_iqz&actid=book_class3_iqz,財團法人商業發展研究院/,前程文化  ,9789866057083,https://cdn.kingstone.com.tw/book/images/product/20148/2014840040353/2014840040353b.jpg,"


	自從高盛證券發表的「金磚四國」報告走紅於資本市場以後，新興市場話題不斷延燒，在經歷2008年金融海嘯時，新興市場中國大陸、印度、印尼及越南卻逆勢成長，展現強勁的經濟成長力道，並使亞洲新興市場已成為繼歐美市場後的重要經濟勢力，並逐步由「世界工廠」蛻變為「世界市場」。

	在新興國家積極攫取產業擴張與升級機會的同時，其龐大、且正快速脫貧的人口趨勢，使全球傳統「上尖下廣」的金字塔型所得結構，逐漸轉變為「中段獨大」的鑽石型模式，其中所蘊藏的商機，勢必顛覆當前全球市場生態與商業模式，而台灣企業該如何運用「優質平價」策略立足新興國家，放眼全球市場！「全球新藍海挑戰新興市場」系列叢書針對新興國家消費特性、品牌發展、市場資訊，經由整合產、官、學研多元點思考與實務經驗，提供我國企業進軍新興消費市場之重要觀點與第一手市場資訊！！

"
全球新藍海．挑戰新興市場系列十：從一根螺絲致勝-新興市場汽機車零組件產業大攻略,https://www.kingstone.com.tw//basic/2014840040483?zone=book&lid=book_class3_iqz&actid=book_class3_iqz,財團法人商業發展研究院/,前程文化  ,9789866057090,https://cdn.kingstone.com.tw/book/images/product/20148/2014840040483/2014840040483b.jpg,"


	自從高盛證券發表的「金磚四國」報告走紅於資本市場以後，新興市場話題不斷延燒，在經歷2008年金融海嘯時，新興市場中國大陸、印度、印尼及越南卻逆勢成長，展現強勁的經濟成長力道，並使亞洲新興市場已成為繼歐美市場後的重要經濟勢力，並逐步由「世界工廠」蛻變為「世界市場」。

	在新興國家積極攫取產業擴張與升級機會的同時，其龐大、且正快速脫貧的人口趨勢，使全球傳統「上尖下廣」的金字塔型所得結構，逐漸轉變為「中段獨大」的鑽石型模式，其中所蘊藏的商機，勢必顛覆當前全球市場生態與商業模式，而台灣企業該如何運用「優質平價」策略立足新興國家，放眼全球市場!「全球新藍海挑戰新興市場」系列叢書針對新興國家消費特性、品牌發展、市場資訊，經由整合產、官、學研多元點思考與實務經驗，提供我國企業進軍新興消費市場之重要觀點與第一手市場資訊!!

"
全球新藍海．挑戰新興市場系列套書（全套共10冊）,https://www.kingstone.com.tw//basic/2014840040513?zone=book&lid=book_class3_iqz&actid=book_class3_iqz,財團法人商業發展研究院/,前程文化  ,9789866057106,https://cdn.kingstone.com.tw/book/images/product/20148/2014840040513/2014840040513b.jpg,"


	自從高盛證券發表的「金磚四國」報告走紅於資本市場以後，新興市場話題不斷延燒，在經歷2008年金融海嘯時，新興市場中國大陸、印度、印尼及越南卻逆勢成長，展現強勁的經濟成長力道，並使亞洲新興市場已成為繼歐美市場後的重要經濟勢力，並逐步由「世界工廠」蛻變為「世界市場」。

	在新興國家積極攫取產業擴張與升級機會的同時，其龐大、且正快速脫貧的人口趨勢，使全球傳統「上尖下廣」的金字塔型所得結構，逐漸轉變為「中段獨大」的鑽石型模式，其中所蘊藏的商機，勢必顛覆當前全球市場生態與商業模式，而台灣企業該如何運用「優質平價」策略立足新興國家，放眼全球市場!「全球新藍海挑戰新興市場」系列叢書針對新興國家消費特性、品牌發展、市場資訊，經由整合產、官、學研多元點思考與實務經驗，提供我國企業進軍新興消費市場之重要觀點與第一手市場資訊!!

"
全球新藍海．挑戰新興市場系列四：他們都怎麼穿-新興市場行銷平價成衣之成功案例,https://www.kingstone.com.tw//basic/2014880004445?zone=book&lid=book_class3_iqz&actid=book_class3_iqz,財團法人商業發展研究院/,前程文化  ,9789866057045,https://cdn.kingstone.com.tw/book/images/product/20148/2014880004445/2014880004445b.jpg,"


	自從高盛證券發表的「金磚四國」報告走紅於資本市場以後，新興市場話題不斷延燒，在經歷2008年金融海嘯時，新興市場中國大陸、印度、印尼及越南卻逆勢成長，展現強勁的經濟成長力道，並使亞洲新興市場已成為繼歐美市場後的重要經濟勢力，並逐步由「世界工廠」蛻變為「世界市場」。

	在新興國家積極攫取產業擴張與升級機會的同時，其龐大、且正快速脫貧的人口趨勢，使全球傳統「上尖下廣」的金字塔型所得結構，逐漸轉變為「中段獨大」的鑽石型模式，其中所蘊藏的商機，勢必顛覆當前全球市場生態與商業模式，而台灣企業該如何運用「優質平價」策略立足新興國家，放眼全球市場！「全球新藍海挑戰新興市場」系列叢書針對新興國家消費特性、品牌發展、市場資訊，經由整合產、官、學研多元點思考與實務經驗，提供我國企業進軍新興消費市場之重要觀點與第一手市場資訊！！

"
全球新藍海．挑戰新興市場系列一：成功不是偶然-台灣品牌中國大陸礫金,https://www.kingstone.com.tw//basic/2014960364018?zone=book&lid=book_class3_iqz&actid=book_class3_iqz,財團法人商業發展研究院//,前程文化  ,9789866057007,https://cdn.kingstone.com.tw/book/images/product/20149/2014960364018/2014960364018b.jpg,"


	自從高盛證券發表的「金磚四國」報告走紅於資本市場以後，新興市場話題不斷延燒，在經歷2008年金融海嘯時，新興市場中國大陸、印度、印尼及越南卻逆勢成長，展現強勁的經濟成長力道，並使亞洲新興市場已成為繼歐美市場後的重要經濟勢力，並逐步由「世界工廠」蛻變為「世界市場」。

	在新興國家積極攫取產業擴張與升級機會的同時，其龐大、且正快速脫貧的人口趨勢，使全球傳統「上尖下廣」的金字塔型所得結構，逐漸轉變為「中段獨大」的鑽石型模式，其中所蘊藏的商機，勢必顛覆當前全球市場生態與商業模式，而台灣企業該如何運用「優質平價」策略立足新興國家，放眼全球市場！「全球新藍海挑戰新興市場」系列叢書針對新興國家消費特性、品牌發展、市場資訊，經由整合產、官、學研多元點思考與實務經驗，提供我國企業進軍新興消費市場之重要觀點與第一手市場資訊！！

"
全球新藍海．挑戰新興市場系列九：邁向健康路-看見新興市場醫療器材產業新商機,https://www.kingstone.com.tw//basic/2014870017080?zone=book&lid=book_class3_iqz&actid=book_class3_iqz,財團法人商業發展研究院/,前程文化  ,9789866057076,https://cdn.kingstone.com.tw/book/images/product/20148/2014870017080/2014870017080b.jpg,"


	自從高盛證券發表的「金磚四國」報告走紅於資本市場以後，新興市場話題不斷延燒，在經歷2008年金融海嘯時，新興市場中國大陸、印度、印尼及越南卻逆勢成長，展現強勁的經濟成長力道，並使亞洲新興市場已成為繼歐美市場後的重要經濟勢力，並逐步由「世界工廠」蛻變為「世界市場」。

	在新興國家積極攫取產業擴張與升級機會的同時，其龐大、且正快速脫貧的人口趨勢，使全球傳統「上尖下廣」的金字塔型所得結構，逐漸轉變為「中段獨大」的鑽石型模式，其中所蘊藏的商機，勢必顛覆當前全球市場生態與商業模式，而台灣企業該如何運用「優質平價」策略立足新興國家，放眼全球市場!「全球新藍海挑戰新興市場」系列叢書針對新興國家消費特性、品牌發展、市場資訊，經由整合產、官、學研多元點思考與實務經驗，提供我國企業進軍新興消費市場之重要觀點與第一手市場資訊!!

"
線的詩性：以劇場服裝設計為介，尋找台灣原住民編織工藝的另類美學,https://www.kingstone.com.tw//basic/2015213696917?zone=book&lid=book_class3_iqz&actid=book_class3_iqz,陳婉麗,北藝大    ,9789860209662,https://cdn.kingstone.com.tw/book/images/product/20152/2015213696917/2015213696917b.jpg,"

線的詩性：以劇場服裝設計為介 尋找台灣原住民編織工藝的另類美學
                    
"
